-0.3049,-0.50643,-1
-0.83485,3.1362,1
0.77096,-1.8462,-1
-1.6744,2.8324,1
-3.3034,-1.5371,-1
-0.82117,4.6059,1
2.396,2.527,-1
0.3848,4.7798,1
1.2059,-0.13817,-1
-1.3542,1.3901,1
-0.77834,4.187,1
1.1206,-0.50414,-1
1.411,-1.2648,-1
-0.11964,5.382,1
2.3466,-0.37717,-1
-0.012864,-0.95036,-1
-1.2241,2.1665,1
0.9005,4.6494,1
1.5489,-1.1625,-1
-2.4599,-2.4897,-1
-1.4467,2.8029,1
-1.7978,-2.4057,-1
-4.6019,1.821,1
-0.17841,4.4523,1
-4.2736,-1.1932,-1
1.1536,-1.2794,-1
-2.07,-1.2036,-1
-0.74947,5.4386,1
-4.2993,-2.0833,-1
-1.21,-1.2414,-1
-3.5963,-1.5857,-1
0.0025854,4.0857,1
-1.7761,-2.4459,-1
-1.5843,4.0151,1
-0.53351,-1.4133,-1
2.5914,4.0283,-1
1.2697,-1.5892,-1
0.87222,-0.54858,-1
0.65549,-0.31443,-1
-1.6485,2.2035,1
2.6558,2.4784,-1
-4.6546,3.175,1
-2.3083,-1.9393,-1
-1.2357,5.8675,1
-3.4268,1.5066,1
1.3332,-0.83637,-1
2.2465,0.11422,-1
0.90575,-0.55712,-1
-4.5973,-1.892,-1
-3.0649,1.589,1
0.80831,-0.74829,-1
-3.6668,-2.2596,-1
1.0188,-1.0236,-1
-3.4427,-2.6915,-1
-0.28857,2.6244,1
2.4627,1.2388,-1
1.6769,-0.14804,-1
1.5542,-1.5925,-1
-1.1472,3.2424,1
0.67132,-1.2488,-1
2.1218,0.48914,-1
-4.2459,-1.5681,-1
-2.7979,3.1447,1
1.2378,-1.6641,-1
0.015852,4.9466,1
-4.2042,1.8007,1
-0.75531,4.8883,1
2.4484,1.923,-1
-0.72935,2.1773,1
-2.5028,1.6778,1
-0.29097,-0.93589,-1
-3.0825,-1.4969,-1
-2.1871,2.4544,1
-0.31034,-1.9395,-1
-1.4831,1.2948,1
-1.9455,2.071,1
2.4011,6.3175,-1
1.7284,0.75047,-1
-4.1382,0.49432,1
0.6668,5.5861,1
-1.9781,1.4067,1
0.97523,-1.1127,-1
0.26429,-1.5359,-1
-4.2741,-1.5213,-1
-2.1071,1.4914,1
-1.0259,2.8719,1
-0.44462,-1.3066,-1
2.0535,2.0608,-1
-1.2173,3.3904,1
-0.97759,0.23093,-1
-3.3886,2.0644,1
-0.633,-1.5847,-1
0.18947,-0.55079,-1
-1.1008,2.709,1
-0.038824,3.483,1
1.4911,-0.058568,-1
-1.1124,3.5087,1
-3.0641,-1.3709,-1
2.2731,0.54945,-1
-0.79708,4.1574,1
0.79821,-1.3082,-1
-1.702,3.81,1
-2.7244,-1.6871,-1
-2.7327,0.65324,1
-0.49195,3.6298,1
-1.9698,3.9056,1
-4.5645,-1.9658,-1
-0.24731,5.4967,1
-1.2889,2.5183,1
-3.1226,0.97867,1
-0.98173,3.0315,1
-0.8984,5.0151,1
-3.6237,2.3608,1
-3.9322,-2.2655,-1
-1.5787,2.2129,1
-1.8825,3.0686,1
0.39476,6.6789,1
0.00035114,6.2996,1
-1.4346,2.7458,1
-4.662,2.9331,1
0.13884,-0.92453,-1
0.53632,-1.3212,-1
-2.9093,-1.5408,-1
2.6217,2.1845,-1
-2.8594,2.2104,1
-0.79296,2.0976,1
-1.7712,2.6897,1
-2.7288,-2.1243,-1
-1.2429,4.7686,1
-3.9659,1.8869,1
0.55416,-0.59644,-1
0.0092535,6.4421,1
0.55849,4.4359,1
2.2119,3.7018,-1
-4.4721,2.7336,1
1.5292,1.5016,-1
-0.11898,6.4877,1
-1.1584,3.2241,1
-2.4661,-1.2729,-1
-2.5173,-1.9672,-1
-2.1725,-1.523,-1
-0.58848,4.5538,1
-2.9215,2.6021,1
-0.70128,-1.2111,-1
-0.56359,4.6098,1
2.0614,0.080681,-1
-0.013957,5.0075,1
-1.6988,3.9475,1
1.524,1.2888,-1
-1.869,-1.1545,-1
-0.92703,4.298,1
1.2274,-1.1491,-1
1.4708,1.9712,-1
0.48516,-0.52955,-1
-4.2663,-1.5519,-1
-0.72106,4.8624,1
2.1274,0.33696,-1
0.96954,-1.2811,-1
-0.74188,4.0308,1
-1.4729,-2.2038,-1
1.0402,-1.6518,-1
1.1315,-0.6789,-1
-1.2328,2.6422,1
0.8724,-0.97141,-1
-1.1994,0.92487,1
0.039458,5.6909,1
-4.0863,-2.5181,-1
-2.2461,2.5245,1
-0.22096,-0.71729,-1
-0.58141,2.8321,1
-0.97994,-0.63666,-1
-0.70641,2.7033,1
0.99335,-1.2436,-1
2.612,2.7737,-1
-2.144,-1.8972,-1
-0.0612,-1.4055,-1
-1.9969,3.133,1
-2.2512,2.2778,1
1.2144,-0.63882,-1
-0.83018,-1.1418,-1
-3.2034,1.6956,1
-0.60612,1.992,1
2.0566,1.9351,-1
-3.8953,-1.2158,-1
-0.92399,2.4934,1
-0.38312,3.2416,1
0.84746,-0.87727,-1
-1.5583,6.3191,1
0.49085,-1.3758,-1
-1.8525,2.2607,1
-1.0678,3.5848,1
-2.587,-1.9916,-1
-1.8734,-0.79696,-1
-0.61577,5.1885,1
2.0604,-1.4108,-1
-1.5329,3.1133,1
-2.1536,-1.6629,-1
-1.1349,-1.5376,-1
-1.4512,2.029,1
-0.34392,6.02,1
0.68073,-0.61879,-1
-0.54178,3.8553,1
-1.7108,3.6931,1
-0.64083,3.889,1
-0.15596,5.4996,1
-2.1114,-0.8232,-1
-1.7242,-1.7869,-1
-0.96835,2.521,1
-0.3271,4.9739,1
-0.039041,-1.09,-1
-1.0472,-1.659,-1
-0.79897,4.3818,1
-0.50822,1.3926,1
-2.8129,2.3588,1
-2.4997,3.5672,1
0.47055,-0.77082,-1
-0.19981,5.6416,1
0.62185,6.5811,1
-2.8397,1.7491,1
0.32301,3.7274,1
-3.3003,1.5874,1
-3.2634,3.1296,1
-3.2871,-1.5127,-1
-0.21951,2.8323,1
0.29204,3.9078,1
-1.6588,2.8159,1
-1.2393,2.287,1
-0.025848,-1.5669,-1
-0.6816,3.2633,1
-0.6378,6.572,1
0.049686,5.1232,1
-1.1805,4.0469,1
-2.6939,1.8786,1
1.4739,-0.9146,-1
0.54006,2.5307,1
-2.4042,0.99354,1
-4.0594,2.525,1
0.31803,6.6145,1
-0.90771,2.9066,1
0.36892,-1.1917,-1
-0.22028,5.1267,1
1.8896,-0.88136,-1
-3.3188,2.4152,1
-1.0784,-1.2196,-1
-3.6702,-1.6592,-1
1.2081,-0.81773,-1
-0.40658,-2.4785,-1
2.4557,0.53965,-1
1.0744,-1.0505,-1
-3.2,1.3375,1
0.090269,-1.5177,-1
-3.2691,-1.4907,-1
-2.0772,2.7524,1
-4.1566,3.1487,1
-1.7643,-2.1144,-1
-4.0603,2.1295,1
-0.9464,4.1779,1
-0.25251,-1.2113,-1
-2.019,-1.812,-1
-0.51599,-1.0896,-1
0.36688,-1.7522,-1
-3.4354,1.3707,1
0.67909,-1.6553,-1
-0.41761,2.871,1
0.21598,6.1526,1
0.99417,-0.92787,-1
-2.5321,1.7595,1
-1.8281,-1.7282,-1
-3.6676,-1.8606,-1
-3.4955,3.5545,1
-0.089955,4.6677,1
-2.7229,2.4954,1
-0.14102,4.4761,1
-2.5573,-1.8314,-1
-0.15188,-0.91167,-1
0.59832,-1.181,-1
1.9601,1.6941,-1
-0.50096,5.799,1
-0.25109,3.007,1
0.15694,-1.4573,-1
-0.54092,3.7277,1
1.7612,0.83531,-1
-3.7861,1.7723,1
-0.46345,-0.60136,-1
-2.0021,1.5213,1
-0.75291,-2.0272,-1
-0.084941,5.7237,1
-4.3587,-2.4477,-1
-1.3297,3.7747,1
-2.4119,1.7734,1
-3.6203,2.2739,1
0.48364,-1.3642,-1
-1.9137,1.4723,1
-0.21173,-1.1679,-1
-2.8127,-1.678,-1
-0.79033,0.78556,1
-1.8693,1.2038,1
-3.4304,-2.6674,-1
0.63771,-0.8828,-1
-0.97346,4.1474,1
0.33225,-1.21,-1
-1.187,1.7213,1
-0.6452,-0.61831,-1
-2.0853,-2.527,-1
-2.2053,-1.0032,-1
-1.8916,2.4326,1
-1.6599,3.0229,1
-3.2944,2.513,1
-0.078224,4.954,1
-0.98529,4.9061,1
-4.0639,2.0738,1
-0.7104,2.207,1
-0.0923,-0.74247,-1
-0.88199,3.1963,1
-0.77722,5.0651,1
-0.38625,4.7381,1
-1.2192,4.963,1
1.3462,0.12052,-1
-3.8497,2.4378,1
-1.5305,5.1421,1
-1.2953,-1.7237,-1
2.4977,0.40242,-1
-0.70399,4.9013,1
-1.4835,2.027,1
2.1201,1.3558,-1
-0.056226,-1.431,-1
1.188,-0.15223,-1
1.3725,-1.5476,-1
-0.55817,4.6334,1
-2.2373,-2.0022,-1
0.038496,2.0809,1
0.52522,-1.1058,-1
1.1466,6.5082,1
-2.4068,-1.1044,-1
-4.6006,0.51486,1
1.7005,1.5025,-1
-2.8792,2.5481,1
-3.026,3.0275,1
-1.0259,3.2554,1
-0.77728,5.7277,1
-2.8728,1.549,1
0.48855,5.8771,1
2.3247,0.74631,-1
-1.0245,4.3024,1
-1.9731,2.0774,1
-0.45041,4.1254,1
-2.576,-0.82572,-1
-1.7417,-2.1981,-1
-4.1227,-1.7871,-1
-2.5455,-2.3503,-1
1.1988,0.42544,-1
-1.9218,-1.6037,-1
-2.4048,2.5374,1
0.6291,-0.82149,-1
-0.11126,4.2298,1
1.202,-0.3924,-1
0.44304,4.5953,1
0.10562,-1.0125,-1
-3.8297,-2.8471,-1
2.4482,2.0916,-1
-4.0443,1.9725,1
-0.94757,3.5325,1
1.4657,0.01373,-1
-1.3291,2.9727,1
0.097431,4.8811,1
0.78776,0.99253,-1
-0.33995,3.7496,1
-3.0038,2.1142,1
-0.62717,-1.4294,-1
-4.7367,2.1592,1
-3.3698,-1.8364,-1
-0.46116,2.9978,1
-1.0397,-2.619,-1
-3.3608,0.74467,1
-0.20427,-1.5294,-1
-1.216,-1.6657,-1
-4.5561,1.8803,1
-0.86636,2.155,1
-2.9684,-1.5601,-1
-1.7247,-0.6528,-1
-0.43434,-1.3927,-1
-1.3212,-2.3384,-1
-2.0972,-1.7228,-1
-0.13887,3.3174,1
-2.9732,1.6715,1
-2.4243,2.4969,1
-0.2626,5.4779,1
-3.0624,-2.336,-1
0.20778,-1.3029,-1
-0.23899,4.9304,1
-4.2496,2.3242,1
0.25701,-1.7429,-1
-0.89421,2.6086,1
-4.7938,2.4926,1
-1.2564,2.7966,1
-4.2199,1.6397,1
-3.5127,-2.2939,-1
-4.0005,1.9888,1
2.3375,0.63983,-1
-4.7762,2.0546,1
0.54519,4.5068,1
0.70982,5.3464,1
0.87404,0.43947,-1
-1.1959,-1.2813,-1
0.37198,2.3821,1
-1.1366,2.3619,1
-3.5609,2.6658,1
-2.8703,-0.66297,-1
2.3252,1.5436,-1
-0.89065,3.7324,1
0.4105,2.4059,1
-3.7957,-2.4252,-1
-2.0072,2.4256,1
0.42515,5.4089,1
2.3965,2.7966,-1
-3.7248,0.95965,1
1.5298,-0.65168,-1
-3.6553,-1.7953,-1
-0.64486,-1.8041,-1
-1.4527,3.4879,1
-2.6046,-0.69999,-1
0.52841,3.8229,1
0.16678,4.3622,1
-3.3291,1.1377,1
-2.0604,1.081,1
0.087182,5.5177,1
-3.9707,-1.8377,-1
-2.2132,1.4458,1
-4.2598,-2.4608,-1
0.57107,2.4863,1
-1.1687,2.903,1
2.4372,1.9653,-1
-2.564,-1.175,-1
-1.3692,3.4943,1
-1.2806,5.4106,1
2.5797,4.9102,-1
-4.0021,-2.2448,-1
-0.61921,-0.71472,-1
-1.058,2.7544,1
-1.1319,-1.4066,-1
-3.1697,2.1069,1
-1.8898,-1.6079,-1
-2.233,-0.96042,-1
-3.659,-1.3133,-1
-0.47941,6.4425,1
-2.1884,0.12507,1
0.62605,-1.3371,-1
2.0864,1.7808,-1
-0.64566,5.9355,1
-3.7378,1.871,1
-3.1124,-1.4164,-1
2.099,2.5434,-1
-2.089,-1.6945,-1
-2.7696,-1.7665,-1
0.29651,3.0571,1
-1.6259,2.0455,1
-1.6513,2.0505,1
-0.13549,-0.83419,-1
-4.4569,2.499,1
-3.5477,-1.6088,-1
-3.1041,3.5882,1
-1.6636,4.2899,1
0.36347,4.7802,1
-1.8216,1.6143,1
2.3007,1.2182,-1
-1.2347,-1.7333,-1
-3.9016,-1.6263,-1
-2.2981,-2.0776,-1
-0.60072,-1.3277,-1
-1.2749,3.7679,1
-4.3076,3.2024,1
-0.52164,6.7679,1
-0.85512,2.8589,1
-0.9311,3.7157,1
0.51685,4.2194,1
-2.6031,2.3795,1
-3.2169,1.8406,1
0.071048,6.2791,1
0.27517,-1.5952,-1
-0.53166,3.9226,1
-1.5428,-2.4979,-1
-1.4164,3.1673,1
-4.3434,3.1912,1
0.064615,4.0344,1
-1.5587,-1.558,-1
0.10151,-1.3803,-1
-1.7006,2.1484,1
-0.78707,5.0689,1
-0.48079,6.4054,1
0.018015,-0.78245,-1
-0.15473,0.33733,-1
-2.4463,-0.68382,-1
-4.2258,-2.5138,-1
1.1843,-0.97248,-1
-3.4532,2.3605,1
-3.0369,-2.0587,-1
0.17214,5.4456,1
0.11648,6.4862,1
-2.8937,2.6964,1
-0.48078,5.9417,1
-2.9484,-2.1131,-1
2.3573,2.2805,-1
-2.4683,2.5085,1
-1.9357,4.2202,1
-1.1302,2.9475,1
-0.68594,2.2076,1
-0.28261,2.2748,1
-1.9416,1.1452,1
-0.086238,-1.1128,-1
0.85957,6.2905,1
-0.45981,-0.80438,-1
-4.1746,2.6693,1
-1.0085,5.2472,1
-0.90862,5.7799,1
1.6702,0.57102,-1
1.3971,1.7722,-1
0.67463,4.8986,1
-0.49812,1.6623,1
-1.2328,1.2275,1
1.1072,0.56598,-1
-2.6141,3.3855,1
0.89204,-0.51943,-1
-0.078965,3.9991,1
2.4238,2.3104,-1
-0.31088,3.5239,1
-0.8021,3.6504,1
-1.0058,3.4816,1
-4.0695,3.1633,1
0.0089236,2.6686,1
-1.4447,2.9093,1
-1.6159,4.0906,1
1.6221,1.719,-1
-0.61844,-2.4127,-1
-1.0518,1.9816,1
-1.5631,-2.2442,-1
-1.102,5.2962,1
-0.41438,4.9477,1
-0.9157,3.1584,1
-0.50086,2.6031,1
-0.33768,-2.4783,-1
-4.5818,-2.2348,-1
-3.0695,1.983,1
-0.68233,3.2821,1
0.54468,6.4352,1
0.88856,-0.9029,-1
-1.2229,1.6081,1
-2.3082,-1.546,-1
0.38935,-0.42249,-1
-0.73925,4.2182,1
0.09523,4.1628,1
-3.6613,1.3561,1
-2.2107,2.7165,1
-1.3515,-1.1769,-1
-3.8316,3.3686,1
-1.6236,2.9929,1
0.081563,-0.73977,-1
-0.82104,1.5571,1
-2.246,5.6745,1
1.1769,0.10998,-1
-0.082965,-1.304,-1
-0.060543,-1.4342,-1
0.39819,5.7824,1
-1.6932,-1.6057,-1
-2.4639,2.3444,1
-0.60826,6.3984,1
-1.2016,1.92,1
-1.2712,-1.6164,-1
0.91398,-0.50106,-1
-2.5693,-1.2864,-1
-2.4001,1.8603,1
0.17376,-1.1145,-1
1.6567,0.92203,-1
-1.3573,-0.8585,-1
1.0265,5.2048,1
-0.98099,3.8085,1
-3.5406,2.4548,1
-2.9674,2.764,1
-4.4178,-2.5956,-1
0.56364,-2.0884,-1
1.6318,-0.46593,-1
-2.6809,-2.4955,-1
-2.143,-0.90812,-1
0.26089,6.2833,1
2.4642,4.3463,-1
-1.2977,3.6629,1
-2.9123,2.6596,1
-2.679,2.5466,1
-1.5731,1.8453,1
1.1031,1.1638,-1
-2.2589,2.4161,1
-1.9279,-1.9992,-1
-2.4131,-0.76906,-1
1.4949,-1.0189,-1
0.79442,5.9229,1
-2.3194,-1.7965,-1
-2.6362,-1.9372,-1
-0.12401,3.1649,1
-0.21357,3.8308,1
1.986,3.042,-1
-1.8216,-2.236,-1
1.0109,-1.7192,-1
-2.6618,1.6101,1
0.056282,3.9692,1
-2.2293,-1.931,-1
0.40348,-1.6626,-1
-0.076462,3.1872,1
-1.5293,2.833,1
1.9598,-0.12392,-1
-0.14823,2.6339,1
-3.4646,-2.0584,-1
-2.4904,-1.5655,-1
-0.34612,3.9559,1
2.1865,1.1688,-1
0.50594,-1.2378,-1
-1.0644,-1.2797,-1
-1.1421,2.6507,1
-1.5872,2.9681,1
-3.9217,-1.9081,-1
-2.9866,1.7991,1
-0.64667,4.7422,1
-4.8088,-1.7999,-1
-0.85493,4.6507,1
0.84116,-0.74167,-1
-2.1675,-1.5903,-1
1.9844,0.11752,-1
0.24565,0.55633,-1
-1.6433,4.7526,1
-1.1864,2.0887,1
-0.90886,4.9703,1
-1.7368,4.1251,1
-0.10202,-1.5387,-1
-2.852,-1.931,-1
2.3206,0.15332,-1
-1.0269,5.6026,1
1.299,-0.7612,-1
1.624,0.026853,-1
-0.99846,-2.252,-1
0.12295,-0.34324,-1
2.208,0.28855,-1
-1.3126,5.9938,1
-2.6539,2.0836,1
0.8429,-0.44856,-1
-2.8847,2.2907,1
-0.24909,4.2118,1
-1.6123,2.5333,1
1.5783,-0.38078,-1
-0.26286,-1.3401,-1
0.13424,5.7136,1
-2.0137,3.6512,1
-1.8189,4.9067,1
0.94244,-1.201,-1
-1.4354,2.1072,1
-4.7684,-1.8711,-1
-2.1825,3.092,1
-0.20615,3.0926,1
2.0571,0.0027072,-1
-0.45265,-1.0348,-1
-1.9809,2.1631,1
-0.82785,-1.625,-1
-3.0777,-1.8863,-1
-4.1843,-1.9773,-1
-1.411,3.0323,1
-2.3097,-1.5886,-1
-0.77685,6.3247,1
-3.4963,1.9012,1
-1.9177,2.8219,1
0.11582,-1.0694,-1
0.80792,-1.0852,-1
-1.7911,2.184,1
-0.3273,6.5096,1
-2.0104,-2.3416,-1
-0.059709,6.2087,1
-0.91446,-1.4312,-1
-2.7572,-1.7045,-1
-1.9358,3.4028,1
-1.3287,3.9794,1
0.91376,-0.46878,-1
-1.5691,1.7696,1
-2.1249,-0.6206,-1
-2.2635,-1.1629,-1
-0.11077,-0.25144,-1
0.19758,2.4574,1
-1.1343,3.7763,1
-2.198,1.7897,1
-0.6164,4.8439,1
0.54235,0.10935,-1
-1.8896,-1.5122,-1
-0.62936,-1.4804,-1
-0.91873,1.8286,1
-3.6882,0.98425,1
-1.3956,2.8638,1
-1.7192,2.5137,1
-0.55514,3.5741,1
-3.1356,-1.6552,-1
-0.66948,-2.1094,-1
-0.31882,-2.4891,-1
-4.0166,-1.3907,-1
0.31543,-0.33106,-1
-1.3756,3.1819,1
-0.51898,5.0144,1
-3.4981,-2.0815,-1
-2.0653,-1.5982,-1
1.6842,-0.092495,-1
-0.32602,5.035,1
-3.6286,-2.277,-1
0.40293,5.8292,1
-2.454,1.5764,1
-2.2684,2.0411,1
-0.41565,0.13222,-1
2.0728,-1.2292,-1
1.3473,-0.3547,-1
-3.1832,1.6523,1
-0.68223,3.1979,1
2.595,2.6305,-1
-2.0509,2.9965,1
-4.3099,-2.1027,-1
-1.7214,-1.3052,-1
-0.37152,3.6518,1
-3.3619,-1.6232,-1
-0.29232,3.2694,1
-0.87594,5.0054,1
-0.8254,-1.1334,-1
-3.8488,-1.9754,-1
-1.5722,2.4363,1
-0.11304,6.3469,1
-0.36481,4.586,1
1.7836,1.4629,-1
-3.5807,-1.6714,-1
-1.3464,3.5877,1
-0.13896,4.1831,1
0.54212,-0.15354,-1
-0.21868,-1.2487,-1
-1.0891,-2.3338,-1
-1.1915,4.691,1
-0.32689,4.2982,1
-4.2805,-1.1466,-1
-0.12678,3.4433,1
-0.035621,-1.6128,-1
1.0262,4.8062,1
1.8879,1.3104,-1
-0.79656,1.82,1
1.1864,0.33615,-1
0.40146,5.3284,1
-1.081,2.7332,1
-0.30884,4.2405,1
-2.8262,2.3263,1
-2.2971,2.7625,1
0.86089,-1.7244,-1
-3.9442,2.1728,1
-0.46367,-1.5137,-1
2.1141,0.19111,-1
0.37044,-1.249,-1
-0.67687,2.0085,1
-0.96305,-1.0728,-1
-4.035,2.335,1
0.506,-0.92093,-1
-1.1978,-1.0497,-1
-1.1864,3.9558,1
-1.0467,-1.0218,-1
-2.0246,2.7832,1
-0.37208,2.0568,1
-2.075,2.0349,1
-1.6404,2.0531,1
-1.1637,3.7101,1
-3.3231,-1.933,-1
-3.8934,-2.8202,-1
0.64055,-0.50853,-1
2.3156,2.7225,-1
-4.701,-1.6027,-1
-3.6978,-1.3401,-1
-1.1599,-1.2644,-1
-2.4943,1.4951,1
-0.38853,3.5382,1
-4.2411,1.2386,1
-3.2868,2.3926,1
-1.198,-1.1676,-1
-1.4466,-1.3302,-1
1.8101,-0.37262,-1
-0.66829,4.9404,1
2.0223,-0.40568,-1
-1.9059,2.205,1
-1.4771,5.1077,1
-2.0241,3.0501,1
-0.56744,6.4433,1
2.2127,0.99244,-1
-1.102,4.0876,1
-1.0592,2.6184,1
-0.83457,1.2258,1
-0.041207,-1.7104,-1
-0.26184,3.1734,1
-0.86427,5.0787,1
-1.3962,2.1252,1
-1.9703,2.12,1
-1.6868,5.9487,1
0.50509,3.1803,1
0.73336,5.7389,1
-3.0635,-2.6971,-1
-0.33303,-1.3423,-1
-0.40603,4.8066,1
-4.0341,-2.5569,-1
-2.3895,1.8286,1
1.9604,1.2846,-1
-0.93587,3.8862,1
-0.81498,-1.4158,-1
-1.73,-2.0727,-1
1.9159,0.035966,-1
-4.2804,-2.5053,-1
-1.0776,2.7825,1
0.59784,0.26758,-1
-0.35343,4.8648,1
-1.1764,5.0077,1
-1.8675,-0.96931,-1
1.9495,2.475,-1
-1.1919,2.4628,1
-2.4215,2.8283,1
1.5527,0.67546,-1
-4.2046,-1.4752,-1
-1.5969,3.2716,1
-2.6032,-2.1635,-1
-3.7859,-2.4042,-1
-1.0424,3.0132,1
-2.8937,-1.2569,-1
-1.3966,4.7645,1
0.86629,-1.5401,-1
-0.77522,1.5878,1
-0.31563,4.1881,1
-0.84015,2.5647,1
-3.9851,-2.2125,-1
-3.6825,-1.5242,-1
-2.9432,1.4549,1
-1.3681,2.5003,1
1.7317,-1.4143,-1
-0.4603,6.2679,1
-0.16529,4.4092,1
-0.37011,5.8262,1
-1.2368,-1.008,-1
-0.40198,4.9134,1
-0.6417,-2.062,-1
1.8869,1.3825,-1
1.9268,1.7653,-1
-0.25867,4.4288,1
2.0811,0.80799,-1
0.96648,-1.092,-1
-3.1769,2.3386,1
2.5773,3.9359,-1
-0.048733,4.1345,1
-1.6865,1.5025,1
-0.88018,-0.72398,-1
-2.3615,-2.0571,-1
0.95259,4.7522,1
-3.0729,-1.3961,-1
2.5177,-0.46382,-1
-1.7027,-1.9226,-1
0.64944,0.099632,-1
-2.5546,-0.84254,-1
-1.4059,1.5042,1
1.7668,-0.29774,-1
-4.7181,2.5694,1
-2.6215,2.8066,1
-2.4976,1.8006,1
-0.31019,3.6885,1
-0.069664,5.4184,1
-3.5548,2.2751,1
-0.19597,3.8623,1
-2.8221,2.2347,1
-4.5417,1.8836,1
-0.54902,-1.4018,-1
2.3777,5.4409,-1
-0.86196,-1.4601,-1
-0.65778,2.8408,1
-0.38589,-1.9622,-1
0.44725,-0.74589,-1
2.0419,2.5399,-1
2.1631,2.1851,-1
0.7826,3.7322,1
2.2739,2.5981,-1
1.1833,-1.3194,-1
-0.77247,2.8845,1
1.0522,6.4023,1
0.69761,0.026664,-1
-0.29314,4.3058,1
-3.3901,-1.6924,-1
0.04713,0.7684,-1
-0.86955,-1.3433,-1
-0.95589,4.465,1
-0.99983,3.6444,1
-0.40433,5.361,1
-1.1772,-1.6686,-1
-0.89311,5.715,1
0.58152,6.6071,1
0.62122,6.6877,1
-1.0656,3.3199,1
-0.41251,5.1379,1
-0.5657,-1.1156,-1
-2.5627,-1.73,-1
0.091396,5.1322,1
-2.2583,-1.0902,-1
-4.6044,-2.0424,-1
-2.6904,2.502,1
-2.896,-1.1527,-1
1.031,-1.8385,-1
0.44799,4.3781,1
-1.0744,2.6434,1
1.0067,-1.1707,-1
-3.5524,2.4924,1
-0.73141,3.1165,1
0.90503,-1.0235,-1
-0.41768,4.8437,1
-0.40382,4.2997,1
-3.1091,-2.3352,-1
1.7469,-1.1884,-1
0.51341,-2.3895,-1
-2.0139,0.70838,1
-0.23768,6.1267,1
0.2897,-0.85276,-1
-3.4213,2.2879,1
-2.4555,1.9842,1
-2.0968,-1.36,-1
-0.11622,3.7976,1
0.26826,-1.5,-1
0.71545,-0.56439,-1
-0.018422,-0.43856,-1
-2.235,1.5571,1
-0.78947,2.0467,1
1.0143,-1.2286,-1
-2.423,1.3574,1
-2.9521,1.7973,1
-0.23086,-1.7607,-1
-3.6692,1.496,1
-3.281,1.5265,1
-2.2426,2.1957,1
0.21388,5.1252,1
-0.35002,3.2037,1
1.6608,-0.074555,-1
-0.75789,4.7414,1
-2.1403,1.8619,1
-3.9047,3.6844,1
1.0709,-1.1984,-1
-1.3119,4.7074,1
0.85898,1.2016,-1
-0.48825,-0.22628,-1
-3.5656,2.2539,1
-3.8831,1.884,1
0.68995,-0.15121,-1
-3.7019,1.7713,1
-3.9699,3.3607,1
-2.466,-0.96444,-1
-1.1824,-2.0265,-1
-0.95334,3.8546,1
-0.77256,3.5694,1
-1.7973,3.0475,1
1.1368,-0.80772,-1
-0.78593,3.7696,1
-2.0799,3.0106,1
1.3466,-0.18218,-1
-0.89878,2.5997,1
-0.47445,-0.87039,-1
-4.0413,-1.8093,-1
0.14747,3.6083,1
-4.4271,1.979,1
0.63565,-1.2638,-1
-0.85078,5.3559,1
-2.4078,-2.3721,-1
-3.9499,1.8028,1
-3.542,1.4829,1
0.52886,-1.1896,-1
-4.5249,-1.9228,-1
-4.7256,1.6844,1
-3.2295,2.0943,1
-3.5498,2.3416,1
-0.43305,4.6483,1
-0.33135,3.6946,1
-1.36,-2.0785,-1
-0.87634,2.4987,1
-3.9934,2.3027,1
-1.4544,3.1242,1
-3.252,-1.779,-1
-2.953,1.4403,1
0.11941,-1.4871,-1
-0.83201,3.0299,1
-1.0956,2.5675,1
-0.50063,4.0777,1
0.059333,0.44207,-1
-0.82043,-1.0752,-1
-0.7864,4.7221,1
-0.11005,-1.4896,-1
0.32799,5.4426,1
-3.2029,2.0892,1
-1.8113,-1.4078,-1
-0.88624,4.7553,1
-0.76347,3.7842,1
0.4338,6.0266,1
-0.99164,3.598,1
-0.4177,4.4506,1
-4.2249,0.77069,1
-0.68149,4.001,1
-4.2144,1.5181,1
-0.93884,2.4154,1
-0.25686,3.519,1
-0.9232,-1.1779,-1
0.21825,-0.88661,-1
-3.3915,-2.3551,-1
2.3855,-0.46584,-1
-1.8576,-2.2069,-1
-1.1536,2.1813,1
-4.2335,-2.0773,-1
-0.4056,4.4324,1
-1.1848,4.0667,1
-1.1575,-1.9044,-1
0.042141,4.6539,1
-3.9154,0.80926,1
0.27093,-1.6729,-1
-2.5884,-2.2415,-1
-2.5187,1.3606,1
-0.10297,6.1786,1
-0.48636,4.3139,1
-1.3181,-1.1157,-1
0.28054,-1.6214,-1
0.45909,-0.71893,-1
-0.40888,-0.90005,-1
-2.8048,0.62659,1
-2.0311,2.3913,1
2.1275,1.3049,-1
-1.0995,5.2655,1
-1.4224,4.4784,1
-1.4139,3.4335,1
-1.8359,3.2667,1
-1.8269,-1.4537,-1
-1.0638,2.9165,1
-1.1912,-1.9147,-1
-1.089,2.7039,1
2.1928,-1.6494,-1
-2.643,2.2372,1
-0.92375,2.2067,1
1.4537,-2.084,-1
1.4327,-1.1734,-1
-2.8235,2.9982,1
-3.3126,1.4941,1
-4.7305,1.7724,1
1.8049,0.92674,-1
-0.80691,1.3263,1
0.038227,-1.8083,-1
-3.3363,1.6524,1
-1.4443,-0.5303,-1
0.26505,-0.43508,-1
-0.31019,5.925,1
-1.4955,2.579,1
0.82787,5.8532,1
-0.73862,-1.5089,-1
1.2054,1.2603,-1
-4.047,2.1192,1
1.4863,0.48577,-1
-1.3014,3.8353,1
0.32131,6.5524,1
0.83363,-0.96498,-1
-2.1147,2.2925,1
1.4102,-1.408,-1
-3.4446,-2.0852,-1
0.60552,-1.2163,-1
-4.4385,1.8567,1
-1.2933,-1.3265,-1
-4.1803,2.043,1
-1.9185,2.1857,1
-1.8094,2.4035,1
-1.2767,3.4201,1
0.46885,-0.88079,-1
1.2539,-0.49946,-1
-0.25933,3.7378,1
-2.4342,0.73592,1
-3.0494,1.5437,1
-2.8076,3.064,1
-2.4988,1.5144,1
-2.11,-2.6439,-1
-4.0305,2.61,1
-2.2441,2.3473,1
-0.61135,-1.7153,-1
2.2899,0.62074,-1
-0.094387,2.799,1
-2.1949,-0.96521,-1
-3.0131,-1.5835,-1
-3.0269,2.6387,1
-0.56166,5.4877,1
-2.7338,-1.6552,-1
-1.3977,-1.8696,-1
-4.1158,1.7273,1
-1.4795,2.0574,1
-1.1105,2.68,1
-0.29347,4.815,1
1.8227,4.0769,-1
0.82292,-0.21487,-1
-0.73574,6.1349,1
-2.4145,1.7887,1
-0.98296,-1.5456,-1
-1.0383,3.7525,1
1.5458,0.5827,-1
-3.4335,-1.8035,-1
0.73323,0.90894,-1
-1.5944,5.3815,1
-1.6901,-0.96256,-1
-1.7407,-1.8483,-1
-4.0803,-1.0765,-1
-0.23198,4.9586,1
-2.9233,-1.4456,-1
-0.25644,6.6919,1
1.8255,-0.86504,-1
-3.3255,1.9785,1
2.3396,1.7165,-1
-0.39031,1.3416,1
0.12,-1.8441,-1
0.93607,-0.0044064,-1
0.55455,6.2679,1
-3.1259,1.3707,1
0.31458,5.1695,1
-3.2036,-2.4548,-1
-2.6461,-1.5563,-1
-0.91401,2.2278,1
0.10671,4.176,1
-0.33652,4.1687,1
-3.2039,-2.2981,-1
-1.1856,-1.089,-1
-0.97533,1.9019,1
-0.1288,6.2512,1
-0.79717,-1.4328,-1
-0.31707,-1.0603,-1
1.5381,-0.86326,-1
-1.0457,4.5503,1
-3.081,-0.47887,-1
2.1,0.23739,-1
-0.57119,-1.8611,-1
1.427,0.40828,-1
-0.023279,4.4416,1
-2.3955,2.6799,1
-2.0658,-1.888,-1
-3.959,1.2505,1
-4.009,2.4657,1
1.7389,-0.99231,-1
0.9342,-1.1605,-1
-2.8843,2.6282,1
-3.3616,2.0849,1
-2.0527,-0.74154,-1
1.8778,1.2126,-1
-1.2068,-1.5622,-1
-0.84833,-0.078822,-1
-3.0993,2.3451,1
-2.5416,-1.6185,-1
2.0195,0.91371,-1
-1.0045,3.1563,1
-1.6858,3.755,1
-2.1445,2.251,1
-0.90594,6.422,1
-1.8664,-1.5125,-1
-3.9889,-1.9463,-1
-1.653,-1.9345,-1
-1.3898,1.0197,1
-2.9075,2.5773,1
2.1013,0.85873,-1
-0.10804,3.774,1
-0.6989,1.9791,1
1.2121,0.07146,-1
-1.2598,5.7691,1
-0.78009,5.9366,1
-0.29443,4.72,1
-2.9897,2.9097,1
-4.0908,-0.58764,-1
-4.3736,1.455,1
-0.56123,-2.3514,-1
0.34712,-0.96689,-1
0.3287,-0.76728,-1
2.0915,1.1431,-1
0.073994,6.0949,1
-0.92269,5.092,1
-0.44104,4.605,1
0.81186,6.0966,1
-2.8687,0.95191,1
0.24943,6.0187,1
-0.24512,4.3536,1
-0.66841,4.371,1
-2.5711,-0.6503,-1
-0.040532,4.0251,1
0.0038536,-0.99223,-1
-3.9807,-1.2545,-1
0.11871,0.48659,-1
-2.7625,1.9916,1
-1.2812,3.4124,1
-1.9661,2.8748,1
-2.2305,1.7963,1
-1.1783,3.2435,1
0.36245,-1.2223,-1
-1.3921,2.5664,1
-1.5332,3.3713,1
2.1258,4.4059,-1
-2.0694,2.3062,1
1.7336,-0.75129,-1
-2.5761,1.351,1
-1.7393,2.6728,1
1.3724,-0.21496,-1
-1.5127,5.5271,1
-0.2925,2.7701,1
-0.43644,5.4532,1
-0.64045,-0.52512,-1
-1.3485,2.2913,1
0.25024,-0.5798,-1
-0.10215,4.9094,1
-4.1944,2.1319,1
0.061485,6.1548,1
0.39944,-1.4349,-1
-2.7496,3.4362,1
-0.54025,4.6985,1
-2.5447,1.8239,1
-0.62989,4.3227,1
-4.1012,-0.30308,-1
-0.24372,-1.546,-1
-4.0819,2.133,1
-1.641,2.3159,1
-4.1234,-2.5472,-1
-0.2958,4.8761,1
0.91682,-0.24746,-1
0.59047,-1.2091,-1
-1.3732,-1.3801,-1
-1.3593,3.5995,1
-2.7628,-2.5061,-1
-0.0063213,-0.51434,-1
0.4434,5.3508,1
-2.0168,-1.8316,-1
1.8453,-0.55119,-1
-2.9756,1.7485,1
0.65964,-0.95209,-1
-1.2477,2.7787,1
-3.2251,2.0445,1
-1.4967,5.4267,1
0.70453,-0.92765,-1
-3.7102,1.8766,1
-2.2422,1.3786,1
-4.6397,1.653,1
-3.3695,2.6088,1
1.1329,0.26818,-1
-2.1031,-0.35729,-1
-1.0094,4.7397,1
-1.2868,-1.2948,-1
-0.62494,3.1493,1
2.2829,1.2558,-1
-0.46098,-1.7844,-1
-1.4255,2.4511,1
-3.0174,2.8089,1
-0.641,3.3449,1
-0.41428,3.6499,1
1.1389,-1.2056,-1
0.68146,-0.20377,-1
-4.6264,2.7963,1
-0.49636,0.052967,-1
-4.1828,-2.0306,-1
-3.8539,-2.5459,-1
1.9785,0.29026,-1
-2.7489,1.9583,1
1.6226,0.10279,-1
-1.6387,1.9444,1
-0.23056,-0.64542,-1
-0.91574,4.4954,1
-0.63845,4.0326,1
1.0972,-0.45821,-1
-3.6559,2.5472,1
-4.387,-1.6379,-1
-4.377,0.87178,1
-2.3709,-1.2083,-1
-1.9549,-1.2819,-1
1.6827,0.063222,-1
-0.4284,4.2862,1
1.18,0.23371,-1
-1.8758,-2.4762,-1
-0.19933,-1.9708,-1
-1.807,2.019,1
0.36654,-1.2454,-1
-2.0384,-1.5082,-1
-0.67303,-2.1911,-1
-0.47542,3.6708,1
-0.50241,5.4932,1
1.8492,0.75512,-1
0.30835,-1.8678,-1
-3.8586,2.3008,1
-1.0275,5.8408,1
-0.5386,-1.2268,-1
-1.7757,-1.7969,-1
-1.532,2.5199,1
0.66483,-0.22669,-1
0.013266,5.678,1
-4.1993,2.2153,1
-3.0194,2.1506,1
-2.8058,-2.1938,-1
2.7063,2.0232,-1
0.60239,-1.3369,-1
-2.6221,-1.9926,-1
-3.4596,1.9766,1
-4.7785,2.63,1
-3.7028,-1.8928,-1
-4.1111,2.1746,1
-3.5018,0.71452,1
0.50076,-1.1177,-1
-3.2609,2.5412,1
-4.0351,-1.8897,-1
-0.36038,-1.45,-1
-1.1701,1.6469,1
-0.91055,3.2007,1
-0.87742,1.6075,1
-1.4592,3.8165,1
1.8947,0.89262,-1
-0.10164,-1.7039,-1
1.5248,2.1288,-1
-2.0704,-1.4824,-1
-0.19657,4.3946,1
-4.1062,-2.2235,-1
0.33505,6.1204,1
2.456,-1.055,-1
-1.9833,-2.1167,-1
0.73347,5.4799,1
-2.0359,-0.6622,-1
0.023489,-1.5403,-1
-0.13101,2.9715,1
-2.1951,-1.6779,-1
-0.42124,-1.6863,-1
-0.44555,5.3082,1
1.9543,-0.36282,-1
0.83578,-1.1761,-1
-0.63923,2.5126,1
0.042825,6.2466,1
-1.4877,2.1494,1
-2.6945,-1.4418,-1
-3.6252,1.4152,1
-0.33518,2.7556,1
-2.6263,-0.79574,-1
-0.89065,-1.5663,-1
0.23973,-1.7382,-1
1.2748,-0.0035151,-1
-1.2135,3.4892,1
-1.9451,5.7196,1
-1.5651,-0.87409,-1
1.6638,0.85836,-1
-1.6482,1.0938,1
1.7673,0.56064,-1
-0.47459,5.5594,1
-3.3573,1.3044,1
-2.1615,2.9308,1
1.2887,1.1077,-1
-1.8527,-1.6826,-1
-1.0873,-1.2303,-1
-3.8255,-1.7399,-1
1.9992,0.97937,-1
-0.070531,3.0134,1
1.0827,-1.1739,-1
-1.5277,2.8765,1
-3.5113,2.5672,1
-1.5376,1.7088,1
-0.41546,-0.82322,-1
-1.7588,2.1749,1
-2.3084,2.5188,1
-0.17717,-1.5138,-1
-2.0062,-0.94246,-1
-0.51974,5.4509,1
-0.15365,3.7645,1
-0.5512,5.8501,1
-4.2827,-2.6373,-1
-0.84283,6.4546,1
0.033281,4.957,1
-0.04914,-0.52646,-1
-3.1721,-2.3127,-1
-3.5196,2.1118,1
-0.073945,3.0106,1
-0.5635,4.5621,1
0.75578,-0.23052,-1
-1.0778,2.1343,1
-0.020524,3.8927,1
-1.17,3.1974,1
-2.4942,-1.8242,-1
0.9498,-0.56916,-1
-0.95484,4.1358,1
2.5257,5.7313,-1
-4.1187,-1.8719,-1
-0.32366,2.5987,1
-0.72191,5.7461,1
-0.95907,4.4636,1
-0.68183,-1.2029,-1
-1.0841,-1.7085,-1
1.8819,-0.23337,-1
0.12837,-0.78453,-1
-0.14413,-2.5806,-1
-1.1094,-1.3464,-1
-3.3135,-1.4161,-1
-2.3204,0.73805,1
-0.61613,4.6872,1
-1.795,2.1812,1
-0.49891,4.6119,1
-2.592,1.2765,1
-1.7636,2.5711,1
-1.6849,-1.2893,-1
-4.2833,2.4885,1
0.27837,5.0912,1
-3.1992,2.4903,1
1.0572,-0.58724,-1
-3.8382,1.8287,1
-2.7771,2.3302,1
-1.7268,-1.4727,-1
-3.7552,2.8667,1
0.93877,-0.45364,-1
-0.8023,2.4024,1
-0.20074,5.5305,1
-0.45044,-1.8105,-1
0.13026,6.4522,1
-1.0126,2.3199,1
-1.1058,1.509,1
-3.1417,1.9835,1
0.8552,6.2732,1
0.99599,-1.0712,-1
-0.423,-2.0069,-1
-3.4041,-0.84518,-1
-3.0997,1.5874,1
1.2876,0.54162,-1
-3.9652,-1.9782,-1
-1.7347,1.8293,1
-3.0522,1.9085,1
0.10491,6.3808,1
-0.88578,2.577,1
-2.6132,-1.3886,-1
-1.4894,3.493,1
-0.96396,3.686,1
-3.9897,2.0401,1
0.01189,-1.386,-1
1.8757,0.70683,-1
0.9678,4.8969,1
-0.66365,-2.0737,-1
-0.49471,4.5111,1
-0.32502,4.7941,1
-0.56519,-0.8956,-1
0.63152,-0.71723,-1
-2.8339,1.742,1
-3.3848,1.9433,1
1.2616,-0.6433,-1
-3.696,-2.5663,-1
2.3231,0.084047,-1
-3.2912,2.9767,1
0.0067848,3.0873,1
2.2987,1.0186,-1
0.04503,3.0765,1
0.065715,5.2766,1
0.96111,-1.8911,-1
-1.2966,1.7039,1
-1.5879,2.7303,1
-3.8612,-1.8077,-1
0.92518,-1.4117,-1
-0.68432,2.602,1
-0.66561,3.526,1
0.98657,5.5049,1
-0.88189,3.3322,1
1.1674,-0.37238,-1
-1.5631,-0.32522,-1
-2.5479,1.8523,1
1.3108,-0.85031,-1
-1.3525,3.229,1
-0.44121,3.5395,1
-0.035809,3.4773,1
-3.4415,2.739,1
-1.6313,-1.4098,-1
-0.6447,4.3632,1
1.972,2.0428,-1
-0.3739,5.9277,1
-2.5656,-1.6464,-1
-3.0375,2.2951,1
-3.4009,2.0003,1
-1.0857,3.9971,1
0.25957,-1.0855,-1
-1.4795,3.3997,1
-1.9542,1.663,1
-0.073281,-1.3239,-1
-2.9544,2.5978,1
0.13027,6.7308,1
-4.2304,2.5114,1
-0.81657,5.7726,1
-0.98251,5.7433,1
-0.1454,4.8788,1
0.15827,-1.7086,-1
-3.7257,-1.5046,-1
-2.5409,3.1525,1
-4.4174,-1.2006,-1
-0.35719,5.5206,1
-0.60143,3.7005,1
-3.932,1.5825,1
-0.40083,4.8279,1
-1.7816,2.0609,1
-2.2829,-2.0047,-1
0.76224,-0.92932,-1
0.024413,-1.3548,-1
0.49807,-0.41468,-1
0.049189,-1.2353,-1
-0.5524,5.2276,1
-2.3172,-1.8889,-1
1.5772,-0.089907,-1
-0.35527,-0.85891,-1
0.012508,-0.54452,-1
-3.0207,2.1087,1
-0.22441,3.8571,1
-3.6142,1.4147,1
-0.97098,3.6151,1
-2.9114,1.4139,1
-0.31214,-1.3187,-1
-2.6644,2.4387,1
-0.77924,5.789,1
-1.0306,1.9265,1
-0.67341,5.1135,1
-0.12827,-0.75956,-1
1.5379,1.2563,-1
-3.374,2.332,1
0.72542,-2.1425,-1
-3.9874,1.2987,1
1.0262,-0.79853,-1
-2.5694,1.9381,1
-0.26659,6.0435,1
-2.317,-1.2413,-1
-2.812,1.9304,1
-3.542,2.4832,1
0.054687,-2.0111,-1
-1.0587,5.3057,1
-1.143,1.8819,1
-2.3649,2.1479,1
-2.0083,2.0858,1
-1.2767,2.7398,1
-2.3278,-1.4835,-1
0.19582,-1.1143,-1
-3.9524,-1.1899,-1
1.5619,0.25335,-1
2.1125,-0.61026,-1
-4.4499,2.6592,1
0.50824,-1.9178,-1
-0.56721,-1.7665,-1
2.0053,1.2025,-1
0.75753,-0.85286,-1
-4.062,2.5602,1
0.44794,0.44907,-1
-0.33632,6.4405,1
1.575,0.81935,-1
-1.5058,2.4354,1
-2.6838,1.2851,1
-0.72014,-1.344,-1
-1.7393,2.2389,1
-2.3239,-1.3737,-1
-4.3197,2.6664,1
0.96578,4.7432,1
-1.1043,3.3603,1
1.5951,-0.53774,-1
-3.6703,-0.9857,-1
-1.582,5.3465,1
2.277,3.3999,-1
-0.6078,5.223,1
-0.92792,-2.1498,-1
0.24668,-1.7673,-1
-3.5937,2.3951,1
-0.24527,3.678,1
-2.2842,1.7175,1
-1.6904,3.9205,1
1.5815,-1.9295,-1
-4.2899,-2.0202,-1
1.4409,0.94687,-1
1.2717,-1.2773,-1
-3.8731,-1.2963,-1
1.2411,-1.5506,-1
-0.16874,3.7412,1
0.94408,-0.74797,-1
-3.4081,-2.6445,-1
-2.0909,-1.6905,-1
-3.177,2.3123,1
-0.65773,5.0752,1
-1.0593,5.6122,1
0.71044,-0.54324,-1
-1.9331,2.0014,1
0.058133,5.2262,1
-2.9865,-2.6401,-1
0.16093,-1.1463,-1
2.5314,0.49546,-1
0.20567,-0.32448,-1
-1.7379,-0.48952,-1
-1.7806,-1.9196,-1
-2.357,-2.2223,-1
-2.2061,2.563,1
-0.90906,3.44,1
-0.04116,-1.7337,-1
-2.0901,2.0122,1
-2.8819,-1.9146,-1
-1.8404,2.7428,1
-2.4561,1.9123,1
1.4521,-0.2358,-1
-1.8023,-0.58365,-1
-1.1022,5.7154,1
-1.9002,2.4924,1
2.2107,2.3108,-1
0.79738,0.074902,-1
-1.1898,4.9906,1
-2.1716,1.6599,1
-1.4839,2.7739,1
-2.6526,-0.83948,-1
-2.9834,2.2672,1
-2.1837,2.7068,1
-2.8672,-1.6764,-1
0.50323,-1.2674,-1
-0.17846,4.9979,1
-0.9377,2.3391,1
-0.36864,-0.88425,-1
1.0712,-0.54921,-1
-0.71399,-1.6507,-1
-1.1734,5.7244,1
1.0571,-0.23201,-1
-1.1681,4.0956,1
-1.4255,2.7136,1
-3.1683,2.5077,1
0.6408,6.4623,1
-1.0114,3.5678,1
-1.2824,-0.85865,-1
-1.932,5.3687,1
-3.7742,2.9094,1
-1.3666,-2.0675,-1
1.2276,-0.69959,-1
2.4436,2.0219,-1
1.1553,0.094045,-1
-4.4952,-1.904,-1
0.22687,-1.6568,-1
-1.2453,6.3588,1
-0.53477,1.5648,1
-0.28581,-0.59908,-1
-3.3585,-1.5259,-1
-1.0211,3.2737,1
0.52108,6.7605,1
-1.0729,2.2732,1
1.5431,0.014648,-1
-4.2223,-2.6396,-1
-0.86499,1.579,1
-2.6094,1.7518,1
0.024059,-0.55958,-1
-2.3156,0.71878,1
-1.6985,1.4447,1
1.5755,0.7024,-1
-1.4687,2.7101,1
-2.0366,1.6286,1
0.039901,4.7277,1
-4.0717,-1.8204,-1
-2.1481,2.5352,1
1.4869,0.32829,-1
-0.95928,4.1863,1
1.8478,-0.090165,-1
-0.49038,-0.68253,-1
-0.34382,4.4937,1
-2.0357,-2.4147,-1
0.98898,-1.7544,-1
-0.65095,5.0209,1
1.1143,-1.0507,-1
-1.7248,-2.0013,-1
0.25001,-2.073,-1
-1.4438,-2.0002,-1
0.439,0.51786,-1
-1.2116,3.74,1
-1.1278,3.5248,1
-1.364,1.4605,1
-0.56017,5.4357,1
-2.1049,2.2471,1
-2.6024,-0.7953,-1
-0.18733,4.8308,1
-3.1937,0.98642,1
2.0001,2.5031,-1
-0.55314,4.4455,1
-0.42275,-1.7414,-1
-0.77575,5.5981,1
-1.3358,5.9581,1
-0.63591,-0.0086471,-1
-3.8393,-1.771,-1
-1.4407,-1.9479,-1
0.20999,0.48599,-1
0.2046,-1.3849,-1
0.32652,4.7662,1
-0.50884,2.8112,1
1.6985,0.80829,-1
-1.1465,6.4295,1
0.66648,0.53278,-1
-0.49707,4.1852,1
-0.93885,5.6117,1
-1.6691,3.1683,1
1.1846,5.6188,1
-2.2931,2.1312,1
-2.8339,1.9749,1
-0.25092,-1.2205,-1
-1.0622,-2.2969,-1
-2.7511,1.9075,1
-0.57164,3.301,1
-1.6759,2.2668,1
0.48213,5.122,1
-3.0271,2.2695,1
1.9175,4.1027,-1
-0.76301,3.7287,1
2.023,-1.1139,-1
1.5314,0.39966,-1
1.4421,-1.5479,-1
0.83095,-1.3665,-1
-0.13636,5.8124,1
-0.97144,4.9819,1
-1.7287,-1.6278,-1
-1.9375,3.5451,1
1.0932,6.2945,1
-3.6377,1.7574,1
-0.59933,5.478,1
-1.8189,2.1142,1
-0.014136,6.3705,1
-1.4449,2.9627,1
0.5925,-1.0458,-1
1.7529,1.3941,-1
1.4921,0.87591,-1
-1.7141,5.158,1
-3.0702,2.1386,1
-2.7934,2.2005,1
1.5744,-1.9401,-1
-0.34556,4.2372,1
-2.0461,-1.4028,-1
-3.5183,-1.557,-1
0.73915,0.10552,-1
-2.5444,2.2226,1
-1.3533,1.5494,1
-4.6696,2.841,1
-3.1341,1.8658,1
-3.0041,2.3292,1
-1.5395,4.2109,1
0.68916,0.66127,-1
-3.6696,-2.63,-1
-2.6572,2.5277,1
-3.6588,2.4628,1
-1.5533,-2.3219,-1
-1.0538,2.0637,1
-2.3785,-2.3536,-1
-1.8091,1.8062,1
2.5459,3.5487,-1
-1.5765,4.9926,1
-3.2367,0.8247,1
-0.30361,5.1624,1
1.3951,1.4448,-1
-2.1427,1.8714,1
-2.4693,2.2141,1
-0.96706,4.6678,1
-3.3565,-2.0043,-1
-1.5151,3.411,1
0.26524,6.4749,1
-0.87516,4.889,1
-0.33679,5.4156,1
-2.9473,2.0906,1
-3.0439,-2.0613,-1
-2.625,-0.79512,-1
1.6317,0.97849,-1
-0.91464,-1.5588,-1
-0.91187,2.3684,1
-0.80449,5.5181,1
-0.94634,-1.2987,-1
1.5772,-0.3651,-1
-3.2531,2.6868,1
-0.36414,4.3631,1
-1.2886,-2.3405,-1
0.54641,6.0483,1
-0.94678,2.0241,1
-2.1246,-2.2403,-1
-4.0476,-2.0653,-1
-1.6802,2.55,1
-1.4422,3.5214,1
-3.6174,1.9438,1
2.4977,3.7231,-1
-3.0136,-0.48036,-1
2.728,6.157,-1
1.0572,1.8213,-1
1.9665,3.3119,-1
1.8047,-0.97012,-1
-2.9123,2.1489,1
2.2061,1.1193,-1
-1.2031,4.4333,1
-3.9851,1.8208,1
-1.1624,-1.4643,-1
-2.7189,1.938,1
-1.5631,2.4771,1
-2.9986,-1.6812,-1
-4.1542,2.3599,1
-3.2495,-1.7175,-1
1.294,-1.4273,-1
-3.6776,1.2993,1
-1.2602,-1.1461,-1
-3.461,1.8616,1
-1.9946,-2.7114,-1
-0.55675,2.6871,1
-1.8208,4.235,1
-2.2489,2.31,1
-1.6942,1.9903,1
1.9805,1.8706,-1
0.064127,-1.5312,-1
2.4259,2.5864,-1
0.68083,4.6539,1
-2.7914,-1.8026,-1
0.87182,-0.82706,-1
-1.525,-2.0014,-1
-3.9106,-2.0353,-1
-2.877,1.0864,1
-3.6696,1.1764,1
0.92466,-0.41159,-1
-1.9551,3.3449,1
-0.94962,3.1948,1
-0.78649,-2.1967,-1
-3.7765,2.1105,1
-0.67727,-2.1758,-1
-0.90875,5.2122,1
0.29952,5.9164,1
0.46627,4.0417,1
-1.04,4.0788,1
-1.8988,0.81579,1
1.2072,0.2206,-1
-0.34516,6.7062,1
-4.9102,2.0938,1
-0.26915,3.8754,1
-2.6051,-1.1772,-1
-0.69622,1.2983,1
2.5545,1.5372,-1
-1.0651,2.6534,1
-2.2754,2.5231,1
-0.77702,3.0269,1
-1.4397,2.8558,1
-2.9268,-1.1007,-1
0.67364,-0.19372,-1
0.6756,3.196,1
2.5759,0.41227,-1
-1.7358,3.309,1
0.21239,5.0761,1
0.91326,0.72947,-1
2.456,2.2357,-1
-1.5017,1.3453,1
2.0389,0.085957,-1
1.5009,-0.39135,-1
1.9023,-0.14834,-1
2.6239,2.3956,-1
1.1295,0.60885,-1
-2.4183,-2.0452,-1
-4.0658,3.144,1
-2.7996,-1.4329,-1
1.7631,-0.20657,-1
-4.4293,-2.563,-1
-0.74316,5.7745,1
-0.53295,-1.4655,-1
-1.0161,3.9632,1
-0.34624,2.2463,1
2.1079,-0.76809,-1
-0.34671,4.4322,1
1.498,0.63081,-1
-1.0795,2.2564,1
2.0284,0.24809,-1
-1.8396,1.7152,1
-0.82918,3.9657,1
-3.5554,1.494,1
-1.337,2.9586,1
-0.66893,2.6557,1
0.27136,-0.35315,-1
-0.63053,3.9902,1
-1.4943,1.321,1
-1.432,3.7323,1
-0.72805,-1.8239,-1
-4.4541,-1.22,-1
-0.75982,4.1068,1
-0.74207,-1.8303,-1
-4.1919,-1.3057,-1
-1.6748,-1.9438,-1
-2.1314,-1.7935,-1
-1.0947,1.2896,1
-2.1022,2.3376,1
-3.5022,2.4997,1
-1.7647,1.1551,1
-2.1845,3.1634,1
-1.4291,3.7515,1
0.83773,6.6443,1
-1.5648,-0.99269,-1
0.0035807,5.1101,1
-2.2155,2.4293,1
-0.43606,2.8613,1
1.9078,1.1813,-1
2.2791,1.1225,-1
-2.9057,-1.707,-1
-2.1529,-2.042,-1
-2.8364,-0.83564,-1
2.1665,1.3943,-1
-3.6836,2.0236,1
-0.29354,-1.5462,-1
-0.19688,-1.2699,-1
-0.15728,5.7613,1
2.3626,1.1111,-1
-3.3651,-2.0944,-1
-0.55559,1.614,1
-2.346,1.9719,1
-3.4569,-2.2604,-1
-1.2411,2.5869,1
-1.9951,2.0014,1
-1.4462,4.7728,1
-3.2525,-2.0859,-1
-0.58459,5.1762,1
-0.90858,5.3871,1
-0.14599,6.1358,1
-1.7405,2.9602,1
-2.991,3.1509,1
1.1087,-0.53539,-1
1.6413,-0.97773,-1
-0.35088,6.1638,1
-1.7739,2.1311,1
1.9329,-0.1309,-1
2.1654,-0.074806,-1
1.0813,-0.89578,-1
1.2381,0.020356,-1
-1.5351,4.1963,1
-3.9268,2.3909,1
-1.2676,4.1623,1
-2.161,4.0784,1
0.46793,-0.27466,-1
-0.40328,-2.483,-1
-3.8438,-1.7962,-1
0.62274,-1.4156,-1
-1.4309,4.068,1
0.37058,-0.61143,-1
-0.49837,5.0417,1
-3.6904,-2.1414,-1
-0.95575,3.9046,1
0.86034,0.16503,-1
-0.31633,4.6618,1
-1.4448,-1.8565,-1
-0.2358,-1.4419,-1
-0.29714,5.9092,1
-1.4685,4.1423,1
0.83839,-0.93798,-1
-2.7506,3.0339,1
-3.1937,2.0195,1
-0.25492,5.652,1
1.5749,-0.52091,-1
-4.0948,2.0267,1
1.5851,0.09668,-1
1.1381,-0.84516,-1
-0.89676,2.8977,1
0.69718,0.25873,-1
0.66158,-0.12053,-1
-2.1038,1.24,1
-3.4142,-1.077,-1
-1.5958,-0.75759,-1
-3.6001,2.7478,1
0.64175,-0.13447,-1
-1.3639,4.0795,1
-4.0984,2.5791,1
2.4804,1.4285,-1
-0.020939,4.4199,1
1.7655,1.3005,-1
-0.02769,-2.1931,-1
-1.8718,2.0124,1
0.67345,-1.2351,-1
1.2967,-1.2636,-1
0.30527,5.9089,1
-3.4475,1.9147,1
-0.044319,-1.2742,-1
0.10758,5.0272,1
-4.3197,-2.0973,-1
-0.91445,4.4889,1
-0.47848,6.0539,1
-3.4785,-1.3589,-1
-1.705,2.3194,1
0.97793,-0.71523,-1
2.0647,0.81207,-1
-2.7368,2.2328,1
0.58661,-1.403,-1
-1.401,-1.7714,-1
-0.79454,4.3174,1
-3.1229,1.945,1
-3.4755,-1.5161,-1
-1.985,2.6039,1
-1.5397,-2.2958,-1
-2.7538,3.3208,1
-4.2325,-2.1599,-1
-0.10359,4.6145,1
-3.0507,1.491,1
1.8619,3.0203,-1
-1.2398,2.1727,1
-1.3116,2.051,1
-0.75393,-0.85539,-1
-2.9006,-1.552,-1
0.85047,-0.86909,-1
-0.28973,4.0691,1
0.275,-1.0958,-1
0.9603,-0.63666,-1
-4.4188,1.9911,1
-1.1194,-0.73624,-1
-2.7067,2.6396,1
-2.7688,1.2762,1
-0.95194,-0.039038,-1
-0.6027,-1.3591,-1
-0.78972,-0.74487,-1
-1.88,-2.8389,-1
0.20473,4.2969,1
-0.81148,6.4696,1
-2.4096,-2.0201,-1
-4.4794,-2.7093,-1
-3.7064,-2.6598,-1
-3.9998,-1.9419,-1
1.1666,-0.032553,-1
-2.5432,-1.3636,-1
-1.1738,2.1338,1
-3.4114,-2.6334,-1
1.9293,0.41283,-1
-0.62855,2.3797,1
-0.99989,2.0076,1
-3.1953,-1.8528,-1
-2.8994,2.0694,1
-0.26979,5.887,1
-4.0207,2.5026,1
-2.8393,2.0068,1
-0.87935,4.3899,1
-1.7188,2.5357,1
-2.6513,-2.8803,-1
1.0308,-0.88967,-1
0.092068,5.6883,1
-0.80725,2.0144,1
-0.28738,4.0685,1
-2.7035,2.4366,1
-0.56078,3.4886,1
2.4434,1.071,-1
2.1049,-0.59949,-1
-1.2489,3.3569,1
-2.1116,1.7919,1
-2.666,1.3955,1
-0.66705,4.54,1
0.038015,2.139,1
-3.4805,1.7303,1
-1.349,4.2986,1
-1.6663,1.59,1
-3.5236,-1.5673,-1
-3.1141,2.0806,1
-2.9834,2.3623,1
-3.886,-1.211,-1
-1.4223,4.4124,1
-2.0518,-2.3118,-1
-2.8924,-1.6458,-1
-3.9813,1.9659,1
-4.1227,2.1702,1
-2.7212,2.4582,1
-3.2758,-0.57218,-1
-3.411,-1.6979,-1
2.6476,2.773,-1
-1.4155,-1.1152,-1
-0.46442,-0.87154,-1
-4.0501,2.6954,1
-2.668,2.8147,1
-0.50822,3.2212,1
1.1375,1.4103,-1
-1.7182,2.2557,1
0.65806,-0.52097,-1
-0.69883,-2.246,-1
-1.1488,5.7,1
-3.0834,-1.7729,-1
-0.86238,5.2624,1
-0.68777,3.6868,1
-1.0283,2.5237,1
2.1179,4.8995,-1
-4.1312,-1.5388,-1
-0.72391,3.4874,1
2.2779,1.9332,-1
-1.5294,2.662,1
-1.1731,-1.3695,-1
-0.25359,-0.46971,-1
0.69748,3.4159,1
-0.64498,3.4507,1
-0.0015429,3.6023,1
-0.50027,6.1288,1
-2.9349,2.2337,1
-3.2687,3.0619,1
-2.053,-1.954,-1
-0.7754,3.0317,1
-4.0359,2.3319,1
-0.11678,-2.3215,-1
0.35535,0.1463,-1
1.2467,-0.56399,-1
-2.3769,1.8157,1
-0.70827,2.0808,1
-2.5407,-1.5978,-1
-1.8911,1.4273,1
-0.15343,6.2161,1
-1.874,2.4024,1
1.5231,1.5209,-1
1.592,-0.44399,-1
-1.39,5.1147,1
-1.8383,-1.2512,-1
-3.543,-0.4195,-1
2.7192,3.3964,-1
-1.3782,2.1983,1
-2.0225,2.7101,1
0.93407,-1.0036,-1
-1.2412,3.8459,1
-2.3085,-0.83885,-1
1.5207,-1.0885,-1
0.18455,5.2856,1
0.87211,-1.0621,-1
1.9979,-0.035952,-1
-2.5567,-2.2975,-1
-2.9243,1.3564,1
0.60643,-0.23968,-1
-1.6854,-1.8451,-1
1.659,1.4421,-1
1.56,0.49374,-1
1.6415,-0.75344,-1
-2.8148,2.2975,1
-1.7558,-1.3905,-1
-3.3028,-2.4885,-1
-2.839,-2.1224,-1
2.5599,0.79611,-1
1.1429,-1.1776,-1
0.16499,-0.39845,-1
-0.10821,-2.2022,-1
-3.5647,2.9524,1
1.3781,-0.74371,-1
0.33511,6.13,1
-3.0912,2.7123,1
-1.6385,5.095,1
-4.0712,-1.5552,-1
-1.4532,3.7874,1
-4.1389,2.1484,1
-4.6197,-1.3164,-1
-2.9418,-1.5652,-1
-1.1817,-1.9482,-1
-1.6093,-1.82,-1
-0.13353,3.9373,1
-1.3119,-0.91695,-1
0.62663,-0.85831,-1
-0.06083,-0.29723,-1
-0.78442,5.7733,1
-2.8794,2.2347,1
-0.18783,4.533,1
-1.0598,3.7085,1
-0.94907,-2.0492,-1
-0.3402,-0.19321,-1
-3.239,2.1668,1
-2.4997,2.1116,1
-1.7419,1.1712,1
-1.9295,1.826,1
1.2737,6.4247,1
0.74552,5.1846,1
-1.215,2.652,1
-0.98167,-1.796,-1
-0.55171,5.789,1
1.903,0.43579,-1
0.15687,-0.29094,-1
-2.6921,-1.6596,-1
0.77036,-1.3725,-1
-3.7562,2.3828,1
-0.20476,2.6552,1
-0.032524,5.6801,1
-1.0659,2.1442,1
-1.0957,1.2783,1
-1.0421,2.7168,1
-0.40253,4.5959,1
1.8199,1.2278,-1
-0.17091,4.9117,1
-1.2474,3.6074,1
1.9565,0.32483,-1
0.56348,6.4663,1
-0.12605,6.7127,1
-2.3452,0.83499,1
-3.9239,3.061,1
2.6714,4.707,-1
-0.67902,-1.7853,-1
2.0187,3.3578,-1
0.5003,6.5656,1
1.2772,-0.081302,-1
-2.8764,2.7242,1
0.053011,5.9214,1
2.296,0.50855,-1
-1.9322,1.2125,1
-2.3921,2.1046,1
-1.1385,4.2514,1
-0.71565,5.614,1
-0.90005,-1.9244,-1
-0.46514,5.6075,1
-1.5274,-1.8681,-1
-0.063008,5.2557,1
-0.9192,-1.671,-1
-0.71908,-1.6058,-1
-2.4912,1.9443,1
-3.4929,2.3692,1
0.71582,-0.20419,-1
-4.2097,-2.3079,-1
-0.52307,1.3191,1
2.2656,-0.54425,-1
-0.712,4.7351,1
1.384,0.30136,-1
-4.5678,1.8499,1
-0.24508,3.5606,1
-3.7966,-2.1092,-1
-3.5776,-1.5692,-1
0.091413,2.9256,1
0.74571,-0.6983,-1
-4.4826,1.71,1
0.97565,0.75058,-1
-1.0784,4.1237,1
1.3728,-0.24725,-1
-0.72479,4.9663,1
1.8595,-0.81144,-1
-0.34576,-0.96555,-1
0.69951,4.4366,1
-2.1524,-1.6419,-1
-3.7586,1.8113,1
-0.47155,4.7086,1
-0.095281,-1.0599,-1
-0.69616,6.1155,1
-1.0211,4.7736,1
-2.3589,1.5911,1
0.058183,6.088,1
0.25674,-0.77857,-1
-0.90545,-1.7093,-1
-1.713,2.9942,1
-0.36799,2.9593,1
-2.8726,1.9747,1
-1.6869,2.432,1
-3.6637,1.9703,1
-3.6125,2.2305,1
-2.0741,2.1498,1
-1.2289,-2.3759,-1
1.1294,6.4946,1
-0.76929,4.2938,1
0.45445,5.8704,1
-0.41723,6.6268,1
-2.2485,-0.94861,-1
-1.9405,2.3329,1
-1.0381,3.0986,1
-3.5004,-1.5294,-1
-1.8374,2.6041,1
0.76656,-0.85872,-1
0.81764,-1.2927,-1
-1.4301,2.7515,1
0.49672,-0.62435,-1
1.0477,-1.496,-1
-2.9105,-0.93026,-1
1.1814,-1.7203,-1
-3.6434,-2.0998,-1
0.83269,-0.95329,-1
-0.5218,-1.3537,-1
-3.822,-1.763,-1
-3.0455,2.2447,1
-0.31223,4.0398,1
2.363,-0.24969,-1
-4.2562,0.97733,1
-0.33077,5.6792,1
-0.19115,4.3051,1
1.581,-1.6037,-1
-3.9056,2.1626,1
-1.3059,1.7778,1
-1.5579,3.1121,1
0.36297,6.6659,1
0.4825,-1.4953,-1
-1.1665,-1.3407,-1
-2.9552,-1.9253,-1
-2.9188,1.7154,1
-0.033277,-1.7528,-1
-2.1275,-1.3091,-1
-2.9939,1.5213,1
0.78347,-1.8677,-1
2.2825,2.2479,-1
-0.83597,3.826,1
1.2961,-1.2937,-1
-4.734,-1.5346,-1
-3.2836,1.3707,1
-1.3544,3.3659,1
-2.8314,2.4739,1
-0.23021,-1.5748,-1
0.34254,-1.1097,-1
-2.3005,2.6139,1
-4.2428,-2.299,-1
-0.052976,4.5885,1
-2.2116,2.2194,1
0.41024,3.6092,1
-1.2499,-1.8721,-1
0.39667,6.3804,1
0.94775,5.2463,1
-0.77523,-1.6247,-1
-1.6228,-1.8759,-1
-0.87341,2.6575,1
0.21199,-0.97248,-1
-2.3175,2.2896,1
2.4001,-0.67764,-1
-3.2729,-2.5516,-1
-3.9844,-2.501,-1
1.0487,-0.52326,-1
-3.3835,-1.7948,-1
-0.2668,5.9503,1
2.6546,2.7776,-1
-0.59892,-1.509,-1
0.42476,-0.24451,-1
2.0985,-0.35352,-1
-0.71894,-1.4671,-1
-2.9857,2.8287,1
-0.25526,5.6829,1
-0.76193,4.3161,1
-1.295,4.3057,1
-0.24408,-1.4771,-1
0.65849,-0.99722,-1
-0.80119,3.9879,1
-2.0056,-1.0625,-1
-2.4528,2.4731,1
-3.9473,-1.5625,-1
-2.1226,-2.5766,-1
-0.23958,-1.5869,-1
-2.8187,-2.07,-1
-2.0616,2.7352,1
-2.8372,-2.0049,-1
-3.054,2.2495,1
-4.2242,-2.153,-1
-0.65823,6.5197,1
-0.6143,4.7936,1
-2.6003,-1.7889,-1
-0.1558,-0.9982,-1
-0.50282,6.4264,1
0.12596,4.2862,1
-0.94835,3.8846,1
-3.0791,2.3354,1
-0.96313,-2.5785,-1
-2.8044,2.2215,1
0.57062,-0.1581,-1
-1.2127,2.7026,1
-1.4634,-1.0184,-1
-1.1791,5.8085,1
-4.0475,-1.166,-1
-0.0055256,6.5444,1
-0.11872,4.0839,1
-0.85032,-1.0053,-1
-1.2733,1.7794,1
2.1724,1.9116,-1
0.96943,-1.4198,-1
-0.87776,5.9839,1
-0.85803,2.7934,1
-0.42529,3.1892,1
1.2888,-1.99,-1
-0.54574,4.2401,1
2.2908,2.0277,-1
-2.1984,-0.82556,-1
-2.0016,-2.6883,-1
-1.8078,1.4835,1
-3.905,-0.8674,-1
-0.97021,6.3911,1
-0.017915,-1.6188,-1
-1.5676,-0.84853,-1
-1.615,1.329,1
-1.2616,-1.667,-1
-0.47941,3.5638,1
-2.3587,-2.1462,-1
-0.39595,2.8943,1
-4.0581,-1.9469,-1
1.6159,-0.72057,-1
-1.5845,3.3952,1
-2.8438,2.2512,1
1.4076,0.67542,-1
2.0272,-1.7453,-1
-3.6453,1.4422,1
-2.8547,1.6881,1
-0.71494,3.9756,1
-2.59,1.7288,1
-2.5426,1.8192,1
-3.6595,-2.8552,-1
0.22884,6.6402,1
-2.9173,-2.3217,-1
-0.68211,-0.83739,-1
-3.3658,1.1446,1
-1.2298,3.1423,1
-4.3158,-2.3774,-1
-0.55773,2.8032,1
-0.12177,3.2727,1
-1.2141,4.1775,1
0.75274,-0.49258,-1
-0.34221,2.4442,1
-4.4814,-2.1724,-1
0.60374,5.2439,1
-1.4779,-1.536,-1
-2.4134,-1.329,-1
-3.7138,-2.3782,-1
0.058298,3.8354,1
-0.43059,4.9299,1
-1.4794,2.3211,1
1.5401,-0.65271,-1
0.41276,-1.0911,-1
1.994,0.21017,-1
-0.7592,2.6372,1
-0.10495,4.6818,1
1.8715,-0.56991,-1
0.63198,5.0962,1
2.018,0.37945,-1
0.085274,-1.2634,-1
1.7549,-2.0978,-1
-2.7251,1.8191,1
1.7559,-0.056585,-1
-0.55289,2.7386,1
1.2021,-0.22212,-1
-3.4874,2.4415,1
0.91236,6.5552,1
0.70406,3.3941,1
-1.0985,3.4691,1
1.7912,0.27204,-1
-0.37932,5.6599,1
-1.0909,2.7423,1
-1.9169,-2.3068,-1
-2.0379,-0.78915,-1
-1.9681,2.1721,1
-0.084066,3.8916,1
-0.46539,4.0517,1
-1.2802,3.3755,1
-1.657,-2.3452,-1
-0.50452,3.7841,1
-0.14821,6.4794,1
1.5913,-0.91362,-1
0.60662,-0.59462,-1
0.49678,-0.56766,-1
-1.0058,3.4639,1
-0.15574,5.1284,1
-1.1403,3.548,1
-0.076683,-0.71822,-1
-3.6532,2.0164,1
-0.25481,6.2295,1
-0.88236,5.3588,1
-0.64284,5.3616,1
-0.34187,5.8021,1
-1.7249,-1.8071,-1
1.3404,-1.07,-1
0.91999,-0.23827,-1
-1.1116,0.8724,1
-2.7873,-1.5111,-1
0.32488,-0.9859,-1
2.4438,1.6734,-1
-1.5128,3.6291,1
-3.8974,-1.63,-1
-2.289,-1.452,-1
2.2834,-0.26192,-1
-2.2474,-2.0955,-1
-1.3837,2.9038,1
1.6216,-1.5978,-1
-0.02526,2.9038,1
-4.7742,1.4111,1
-1.0323,6.231,1
2.2951,-1.8329,-1
-0.17328,2.7012,1
1.7178,-0.23731,-1
-0.1003,4.0764,1
-0.98343,1.997,1
-2.8688,-1.8392,-1
-1.6849,1.0906,1
-0.38687,4.9863,1
-1.0245,1.0609,1
-0.13618,3.8906,1
-3.8103,2.1206,1
-2.4382,3.3642,1
0.2124,6.2842,1
2.7337,5.5212,-1
1.2639,0.89145,-1
-2.9722,-1.5722,-1
0.98534,0.36955,-1
-1.0866,1.8027,1
-0.88245,5.7811,1
2.3743,1.1111,-1
2.0031,0.27355,-1
-1.7042,-1.0889,-1
-2.4944,1.7108,1
-0.028455,-0.95481,-1
-1.5893,2.6451,1
-4.0538,2.2931,1
-2.8751,2.9502,1
-0.48079,5.4298,1
-1.8141,-2.2041,-1
-0.012003,-0.56899,-1
-4.4208,-1.2833,-1
-0.90085,3.7193,1
-4.2326,-1.6312,-1
-4.4223,2.7013,1
-4.2374,-2.0249,-1
0.075268,6.3286,1
-2.0685,-1.4867,-1
-0.6879,3.4018,1
-0.099011,3.9081,1
0.62116,-1.0844,-1
0.90431,-1.3484,-1
-3.2671,1.6824,1
-4.4518,-1.4728,-1
-0.3054,4.2291,1
-2.8371,2.0723,1
-1.8671,2.1175,1
0.2299,-0.69437,-1
-2.2481,3.644,1
-1.0975,4.6843,1
-1.942,-1.3195,-1
-2.2615,1.8966,1
-0.27029,4.6489,1
2.5399,0.60728,-1
-0.92017,4.7135,1
0.69638,-0.88893,-1
0.60527,3.4676,1
-0.86629,3.6234,1
-1.4928,4.6212,1
-3.909,-1.9745,-1
2.0671,1.0258,-1
-0.47653,6.4378,1
-1.6695,-1.6217,-1
-2.2148,1.6997,1
-3.4995,2.7031,1
0.073547,6.5233,1
1.1592,0.06719,-1
-2.4332,-1.8121,-1
1.2806,-0.88166,-1
0.14489,2.7716,1
0.030116,2.7256,1
-0.49413,4.4846,1
-3.6942,2.848,1
-4.1962,2.623,1
0.16832,6.8436,1
-0.063425,-1.0151,-1
-1.1543,-1.6424,-1
-1.5745,3.265,1
-1.3022,1.5679,1
-0.69669,3.1443,1
-2.8014,2.1999,1
0.83892,-0.6062,-1
1.4041,-0.60839,-1
-2.8154,-1.6764,-1
-1.0739,-0.89864,-1
1.9833,1.4857,-1
-2.937,-1.0024,-1
1.9683,-0.23185,-1
2.3682,1.5851,-1
-3.1626,1.2557,1
2.4077,2.8802,-1
-3.4433,-1.9893,-1
-0.056832,4.74,1
-4.099,-1.9224,-1
-2.8445,-1.4009,-1
-0.22512,0.047292,-1
-3.3823,1.9672,1
1.6141,2.7577,-1
-2.3036,-1.578,-1
0.0028542,4.6178,1
-0.70903,4.3099,1
-4.4017,1.1388,1
2.0094,-0.64257,-1
-1.1694,2.617,1
-0.00068614,-1.7183,-1
-1.2779,4.7821,1
-2.8145,1.6132,1
-1.2445,4.2976,1
0.15842,5.6799,1
-1.1863,2.5981,1
1.8813,-0.082723,-1
-3.605,2.7021,1
2.5014,-0.085351,-1
-1.5663,-0.77621,-1
-0.93971,2.8558,1
-0.1176,3.9975,1
2.2888,1.5814,-1
0.24602,-2.0402,-1
-2.3087,3.1664,1
-1.0802,-2.7341,-1
-0.47354,6.6562,1
-0.15795,5.8126,1
-0.34091,6.2018,1
-0.87478,6.0599,1
2.2501,1.3277,-1
-2.1217,1.558,1
-1.0281,-1.5857,-1
0.88284,-1.1419,-1
0.038646,-0.91663,-1
-4.8321,2.7559,1
-0.90632,4.0775,1
-0.69078,3.2989,1
-0.308,6.4009,1
0.52916,3.7379,1
-4.2262,1.5365,1
0.8048,5.2104,1
-2.3693,-2.0828,-1
-1.288,-0.807,-1
-1.5591,-1.87,-1
-2.5761,-2.0856,-1
-0.66604,-1.604,-1
-1.4051,-1.8714,-1
-2.0093,-2.1461,-1
0.11382,4.5475,1
-1.5071,3.207,1
-0.20107,-1.5472,-1
-2.5157,3.1179,1
1.717,-0.70218,-1
0.070506,5.2106,1
-4.0852,2.5285,1
-0.27013,2.0688,1
1.2643,-0.82317,-1
0.59887,0.65398,-1
-2.7758,3.2829,1
-2.2449,1.9232,1
-1.1599,-1.9826,-1
2.4547,4.718,-1
-1.3355,2.5838,1
-1.3387,4.6009,1
-1.0079,3.1245,1
-1.714,4.1943,1
-1.4199,2.758,1
-0.78499,-1.7494,-1
0.95023,-1.4594,-1
-1.5285,-1.4535,-1
-2.4281,1.659,1
0.9667,-1.1817,-1
1.2479,0.83437,-1
-0.11359,-1.48,-1
0.9064,5.7935,1
-3.8977,2.1222,1
1.3758,0.2395,-1
1.6092,0.34923,-1
-3.7766,1.334,1
-1.8036,-1.4586,-1
-3.0539,2.3581,1
-1.3944,1.08,1
-2.9959,2.0698,1
-3.6506,-0.97386,-1
-3.2598,2.0895,1
-3.4518,-1.5858,-1
-0.22822,4.4192,1
-2.4694,2.127,1
-1.6685,1.8131,1
2.5768,4.057,-1
-0.43963,5.6418,1
-3.543,2.1787,1
-0.37157,5.1457,1
1.1209,-0.77779,-1
2.0776,-0.93456,-1
-1.0561,4.8133,1
-1.7746,1.6012,1
-0.24949,-0.83913,-1
-0.6104,4.448,1
-3.5405,-1.7729,-1
-1.9146,-2.2532,-1
-2.3061,2.6582,1
-1.1129,6.3335,1
-0.90979,4.1191,1
1.2012,-1.0627,-1
1.0978,6.4175,1
2.2538,0.88914,-1
2.0056,0.1129,-1
2.1094,0.30369,-1
-2.5326,-1.5961,-1
-3.1223,2.6935,1
-3.6299,-1.5417,-1
0.60626,0.87247,-1
-1.722,2.2945,1
-0.56347,4.8861,1
-0.27743,4.3256,1
-4.6475,2.3528,1
-0.62392,5.9433,1
1.4977,-0.0030764,-1
-0.0069797,4.2199,1
1.8213,0.67535,-1
-2.7807,2.0275,1
-0.86848,2.064,1
-0.5078,5.5942,1
-0.39872,3.6362,1
-0.62444,4.7477,1
0.21627,-1.1243,-1
0.19348,6.5851,1
-2.803,-2.6287,-1
-3.2321,-1.4056,-1
-0.81004,-2.8673,-1
-0.67491,2.2551,1
-1.7622,-1.5512,-1
-0.27923,3.9124,1
1.2748,-0.27586,-1
-0.84237,3.2767,1
-2.6943,-2.3741,-1
0.50167,4.4803,1
-3.0678,2.1656,1
-3.014,2.2713,1
-0.56557,4.7776,1
-0.14823,-0.21792,-1
0.71281,-0.79585,-1
-3.0263,0.77298,1
-2.8361,-2.355,-1
-0.82962,-1.3664,-1
2.3065,0.090275,-1
-1.7664,-0.24775,-1
-1.1845,2.4122,1
-3.261,2.8205,1
1.2336,-1.4105,-1
2.1443,1.008,-1
-0.58613,1.5262,1
0.68405,-0.35396,-1
-0.61457,4.2853,1
0.58633,5.6853,1
-1.7776,3.0723,1
0.51842,-1.3005,-1
1.9787,2.331,-1
-0.96394,2.5333,1
2.1141,1.1358,-1
2.0333,1.2573,-1
-1.4214,-1.3937,-1
0.040728,-1.1699,-1
-1.2879,2.8715,1
-1.462,3.181,1
-4.1901,2.4672,1
-1.1254,-0.75478,-1
1.6578,1.7533,-1
-0.44978,2.1781,1
-3.8519,1.825,1
0.20506,3.6125,1
2.6087,3.3878,-1
-3.4355,1.3808,1
1.6403,-1.1831,-1
-1.9254,1.7778,1
-1.8346,2.5664,1
-4.4541,3.3467,1
-2.3133,-2.2937,-1
1.2523,6.5333,1
-1.1835,4.9659,1
-3.2614,-1.3651,-1
1.8001,0.57771,-1
1.9589,1.2596,-1
1.179,-0.32811,-1
-4.4357,-2.1519,-1
1.865,-0.85695,-1
-2.0371,2.4648,1
-0.40199,-2.1961,-1
-3.0558,2.9273,1
1.7127,0.65951,-1
-0.67347,4.278,1
-3.9418,1.3975,1
-2.8826,-1.181,-1
-1.6592,1.0132,1
-3.8637,1.7972,1
1.0097,0.58858,-1
-0.54712,6.4967,1
-3.4762,1.9444,1
1.0636,-0.72875,-1
-1.7096,-1.8382,-1
-3.2786,2.323,1
1.4169,-0.28905,-1
2.2082,-0.39544,-1
0.10056,3.9235,1
-3.0577,2.0059,1
2.2037,1.1235,-1
0.11359,6.3366,1
-0.64329,6.1466,1
-1.8847,2.1882,1
-1.7049,2.0426,1
-0.49075,4.765,1
0.50007,-1.6298,-1
-3.4152,2.8664,1
0.05008,-1.7569,-1
0.35645,5.3634,1
-2.721,-1.4901,-1
0.52379,-0.43381,-1
-0.89017,3.1516,1
-1.6917,3.8064,1
0.73096,5.2912,1
-0.6966,3.4246,1
0.13101,3.49,1
-1.7229,2.7324,1
-0.22179,3.2767,1
-1.6657,-1.6274,-1
-0.13638,-0.45394,-1
-1.4695,2.9611,1
-4.6294,-1.7298,-1
-1.1325,4.0047,1
-3.8546,2.0918,1
0.89785,-0.75775,-1
-1.0853,2.5498,1
0.12017,-1.0141,-1
-1.8607,2.1377,1
1.3579,-0.68237,-1
-3.9727,2.3382,1
-1.5893,4.484,1
-1.531,2.1818,1
-2.1223,1.5124,1
-3.2506,1.3769,1
-0.36445,5.6733,1
-4.2406,-2.3933,-1
-4.765,2.2277,1
-0.13552,3.1036,1
1.3436,-0.90714,-1
1.2522,-0.14902,-1
0.77796,0.8606,-1
2.4097,1.1166,-1
2.1497,0.86151,-1
-1.2981,4.1967,1
-2.0292,1.6094,1
-2.9793,2.4951,1
-1.2014,-1.4337,-1
-2.2048,-1.1976,-1
-0.63396,-1.142,-1
-4.7117,2.159,1
-1.0384,5.7377,1
-2.4615,2.8633,1
-2.0229,2.792,1
-0.54339,2.6832,1
-0.43917,-1.3398,-1
1.337,-1.7456,-1
-3.1593,-1.677,-1
-4.0678,1.6704,1
-3.4876,2.6567,1
-0.92097,-2.7665,-1
-1.8879,1.7022,1
-0.67802,-1.5363,-1
-3.3838,1.1261,1
-3.4779,2.1591,1
-2.2993,2.1003,1
-1.5325,-2.6373,-1
-0.49567,4.0704,1
-1.7306,3.0302,1
1.6631,0.033134,-1
-3.677,2.2676,1
-0.49741,2.8239,1
-2.4187,3.7022,1
-2.865,2.042,1
2.5665,3.4537,-1
-3.1263,2.6531,1
-3.7048,1.4875,1
-2.7278,2.7391,1
0.55455,4.1991,1
-0.048679,-0.25217,-1
-2.8284,-1.6068,-1
-1.6063,2.3761,1
-0.79545,2.7147,1
-0.34183,-0.84644,-1
0.79953,5.9892,1
0.97236,0.65523,-1
-0.31893,-0.40395,-1
-1.154,-1.7301,-1
1.0865,-1.1967,-1
-3.6784,1.3398,1
-3.3004,2.9802,1
-0.6571,-1.9002,-1
0.89048,-0.24302,-1
1.9813,-0.464,-1
2.1387,-0.40377,-1
-3.6354,1.8957,1
1.6757,0.74446,-1
-1.5773,-1.4903,-1
2.685,1.2102,-1
-0.75492,3.2269,1
-0.012509,5.7762,1
-1.1985,-2.0346,-1
-1.4238,-1.6473,-1
-0.41045,6.4262,1
0.3781,-0.38056,-1
0.07094,4.014,1
-0.36809,3.7965,1
-0.25926,5.7093,1
-1.3845,-1.5529,-1
0.147,-1.0614,-1
-0.3713,4.5437,1
-1.1923,4.6282,1
0.91778,4.2502,1
-1.2461,-1.551,-1
0.095404,3.7167,1
-2.215,1.3091,1
-1.1843,4.7623,1
-0.46298,-1.7133,-1
-2.0998,1.4759,1
-2.1601,-1.8776,-1
-2.3653,-1.2894,-1
0.85467,-1.2587,-1
-4.307,1.2341,1
-1.003,-1.6877,-1
-0.23776,-1.1902,-1
-2.3535,-2.1629,-1
-1.6215,1.9148,1
-3.6091,-1.9989,-1
-0.081405,4.9667,1
0.94633,0.67369,-1
0.90186,1.4616,-1
0.33969,4.6388,1
0.90337,0.22072,-1
-1.2332,4.0203,1
0.053237,5.0356,1
-1.0166,-1.5919,-1
-3.5637,-1.869,-1
-2.9789,2.2098,1
-1.3282,3.2657,1
1.386,-1.1503,-1
-2.2765,-2.6842,-1
-1.1112,4.3871,1
-1.5265,-2.6744,-1
-4.0337,1.7016,1
1.5082,-0.22934,-1
-0.90216,2.7829,1
0.64139,-0.53138,-1
-4.4394,1.5573,1
-0.48849,6.5322,1
0.22982,-1.6729,-1
-0.037583,4.1041,1
-0.46123,6.7327,1
-0.91562,3.8008,1
-4.0577,-2.2235,-1
-3.5801,-2.2999,-1
-3.684,-1.1512,-1
-1.5887,2.6333,1
-3.7168,2.1739,1
-2.8849,1.4646,1
-4.1689,1.5628,1
1.996,1.2587,-1
-1.4378,-1.619,-1
-1.002,3.0369,1
-4.5514,-2.3069,-1
-1.6889,-1.3606,-1
-0.12107,4.1972,1
-1.1129,1.4373,1
-0.1451,4.1998,1
-1.9118,2.4143,1
-0.17173,-2.2445,-1
-1.1805,2.7279,1
-2.8288,0.94101,1
-4.3477,-2.3023,-1
2.1896,5.028,-1
-0.099585,6.7034,1
-0.1521,-1.3284,-1
-1.3795,2.6019,1
-4.6095,1.374,1
-1.1342,3.1251,1
-1.9889,-1.9929,-1
1.9063,1.0806,-1
-3.7956,2.1391,1
-0.04314,6.2501,1
-0.37481,-1.6781,-1
-0.0088789,4.9028,1
-2.55,2.5184,1
-2.1037,1.4638,1
-2.7372,-1.3981,-1
-1.2371,-1.8378,-1
-0.16896,4.0377,1
-1.001,-1.3236,-1
-0.81621,2.2883,1
-1.612,3.2073,1
1.0192,-0.50855,-1
-0.054584,6.0636,1
-0.035806,-0.79893,-1
-2.4218,-2.3096,-1
-0.37199,3.596,1
2.1107,0.60258,-1
-2.3312,-1.8643,-1
-0.88707,-1.102,-1
-3.406,-1.8363,-1
-1.1803,-1.8743,-1
-2.911,-1.7816,-1
-0.11958,-0.79808,-1
1.5826,-2.1341,-1
-3.5243,-2.1821,-1
0.26463,5.322,1
-3.5954,2.6323,1
-3.2565,2.0542,1
1.4617,-0.88597,-1
2.0365,0.015616,-1
-1.1809,3.9775,1
1.217,-1.1702,-1
-0.55299,6.542,1
2.0187,2.3472,-1
-0.70022,4.9486,1
-1.5884,-1.964,-1
-1.9982,-1.8701,-1
1.6846,-1.3562,-1
-1.4191,3.1732,1
-1.586,2.7418,1
-2.3549,2.145,1
-0.70494,3.5288,1
-3.5353,1.1636,1
-2.6295,3.1782,1
-2.5244,2.957,1
0.98414,-2.248,-1
-0.86925,1.6206,1
-1.0373,4.2809,1
-1.7565,2.4538,1
0.73306,5.8759,1
-2.2887,1.3047,1
-0.11956,-0.23897,-1
-0.49891,4.5779,1
-0.4962,3.948,1
0.25142,-1.3159,-1
-0.85448,-1.4509,-1
-3.8339,1.3947,1
-0.36559,-1.0026,-1
0.04352,4.6445,1
-1.2296,6.2447,1
-4.7534,1.5303,1
-0.48039,3.7069,1
0.76662,0.09507,-1
-4.8455,2.2127,1
1.7251,-0.52201,-1
-3.3918,2.4,1
-2.4911,2.3016,1
-0.3086,3.6998,1
-1.3541,-2.4082,-1
-0.22911,5.8384,1
-3.3113,1.8569,1
-1.3649,2.6456,1
-2.6447,-2.08,-1
1.3966,-1.0183,-1
0.35451,-1.3696,-1
-0.25583,-1.4571,-1
-0.42242,5.1841,1
-3.2351,1.6709,1
-1.0394,2.7189,1
-2.3247,1.9545,1
-4.6195,-1.3048,-1
-2.3401,2.1426,1
-0.018615,-0.61856,-1
-0.13903,3.0024,1
-1.1413,1.9259,1
-1.5851,4.1897,1
-0.021604,-0.59465,-1
-1.2099,2.7471,1
-4.3196,-1.7124,-1
-0.10483,4.5397,1
0.75305,-0.025585,-1
-2.7616,-1.5824,-1
-0.29315,-1.1903,-1
-1.9108,3.5938,1
-2.7944,2.3785,1
-4.4753,-1.6204,-1
-0.51818,4.4411,1
-2.4041,-1.0802,-1
1.2513,-0.77173,-1
-4.3907,-1.2164,-1
-3.6647,1.9455,1
-2.8948,-1.9607,-1
-0.57158,1.9506,1
-1.5831,1.8911,1
1.7168,-0.73826,-1
2.0879,-0.010148,-1
-0.69017,6.1983,1
-2.6124,1.6185,1
-0.67736,6.5969,1
-0.99534,2.8501,1
1.2752,-0.76451,-1
0.88258,-1.5143,-1
-4.6919,2.76,1
-4.3614,2.9468,1
-3.6455,0.83577,1
-1.8869,-1.1882,-1
-3.5446,1.7604,1
-0.4812,4.5713,1
-2.3622,-2.2029,-1
0.025771,5.5957,1
-2.0429,-0.66339,-1
-0.50091,5.4123,1
-1.4015,5.793,1
0.32277,-0.48121,-1
-1.5476,-2.8121,-1
-1.8537,2.8496,1
-1.5626,-2.3712,-1
-0.051784,5.4483,1
-3.1764,1.9026,1
0.28899,5.4994,1
-1.1878,3.8832,1
-2.3442,3.951,1
0.58265,6.0447,1
-0.12113,6.2398,1
-0.92428,-1.1242,-1
-0.84832,5.5962,1
0.75863,-1.0513,-1
-0.64903,-1.7892,-1
-0.71668,-1.2473,-1
0.1086,-0.89432,-1
-0.3419,4.3213,1
1.5904,0.216,-1
-0.90906,1.5531,1
-0.2168,1.8319,1
-0.36269,5.0417,1
-0.35351,4.6939,1
-1.43,2.178,1
-0.53334,3.5842,1
1.7542,-0.32145,-1
-0.92231,4.0776,1
-2.4623,1.1474,1
-1.3128,2.7448,1
-1.0216,-2.7074,-1
-0.7298,2.3663,1
-0.41767,3.0152,1
-0.91412,4.7221,1
-1.466,5.1225,1
-2.1996,2.1319,1
1.0895,0.28824,-1
-2.0359,-1.8631,-1
1.2154,0.29438,-1
1.0685,-2.4097,-1
-2.7298,1.6266,1
-0.67189,-2.0836,-1
-1.765,2.3925,1
1.2508,-0.204,-1
1.4857,-0.7469,-1
0.69972,-1.0607,-1
-3.3891,-2.288,-1
-0.63069,-1.0885,-1
0.070482,-0.61291,-1
-2.8797,-1.2095,-1
-3.475,2.3185,1
-2.5864,1.7764,1
-2.113,1.2734,1
-2.661,-2.6863,-1
-0.32477,3.5092,1
-1.9572,-1.7553,-1
-1.2535,2.8301,1
-0.7978,5.677,1
-3.2313,-2.3697,-1
-0.16051,2.6166,1
-2.4006,2.281,1
-1.1801,-1.6989,-1
-3.2302,1.2149,1
-0.048866,4.7994,1
-0.98201,-1.6557,-1
-0.81354,3.6274,1
2.2064,0.028889,-1
-3.0041,2.3933,1
-1.0079,5.2443,1
0.17619,-1.5749,-1
-1.6403,1.3251,1
-1.2119,-1.6311,-1
-1.1211,3.2143,1
2.0383,2.8768,-1
0.79505,-0.71143,-1
-0.76611,3.3628,1
-1.6029,3.8751,1
-3.5865,1.9712,1
0.14338,5.6939,1
-1.3599,3.7393,1
-0.19636,5.1706,1
-0.44366,5.4845,1
-2.4576,-1.7726,-1
-2.4613,1.5683,1
-0.63686,4.865,1
-0.82095,6.3268,1
-3.5071,2.4283,1
-0.11924,4.8213,1
-0.31969,1.8711,1
-0.1347,4.5013,1
1.6895,-1.5847,-1
0.96268,-0.39366,-1
-1.5085,3.7429,1
-2.1944,2.5004,1
-2.5839,2.2889,1
-0.69736,-1.7543,-1
-1.3309,3.3344,1
-2.5998,1.6822,1
-2.3355,2.2564,1
-3.8744,2.0488,1
0.25756,5.4035,1
1.6013,-0.00077974,-1
-4.1536,1.5646,1
0.64299,-1.8584,-1
-2.0698,2.7367,1
0.5677,-1.7327,-1
0.095737,5.3298,1
-1.1059,2.8079,1
-1.8704,5.4423,1
2.4063,3.8951,-1
-1.2849,2.0475,1
-4.1475,-1.6202,-1
-1.6996,2.3226,1
-4.137,1.623,1
-0.37126,4.6884,1
-0.68855,-0.73048,-1
-0.031491,-2.1614,-1
-0.30536,5.1362,1
-2.1703,2.1162,1
-1.4059,-2.4156,-1
-1.1792,-0.50946,-1
1.7163,1.45,-1
-1.618,3.7928,1
-0.14341,-1.5909,-1
-3.266,-0.27545,-1
-0.65357,5.8795,1
0.091555,-1.6127,-1
-0.95521,4.8847,1
-0.27954,6.7636,1
-3.0574,0.88634,1
-3.9242,-1.5036,-1
0.27747,-1.2778,-1
-1.9969,1.6037,1
-0.89352,-2.0231,-1
-3.0134,-1.0102,-1
2.4042,5.1224,-1
-1.4055,3.1194,1
-2.3131,2.1614,1
-3.8608,1.4993,1
1.6167,1.3632,-1
-1.6185,3.951,1
-1.0165,4.3684,1
-1.6959,1.35,1
-2.9103,-1.5132,-1
-0.61657,3.8505,1
-1.3536,2.5631,1
0.34415,-0.5045,-1
-0.19644,4.1158,1
-1.4341,2.622,1
-0.43127,1.7792,1
-4.0181,-1.5367,-1
-0.50276,2.4616,1
-0.99856,3.018,1
-0.87947,4.0258,1
-2.0453,-2.1054,-1
-1.7894,1.6122,1
-0.41213,6.7998,1
-0.57157,-1.3864,-1
-0.55759,4.5113,1
2.299,-1.4394,-1
-1.6118,2.9177,1
-4.6942,-1.8851,-1
-2.2875,1.6291,1
-0.49611,-1.6384,-1
1.9801,-0.06928,-1
-0.95764,5.4788,1
2.0502,-0.73214,-1
1.6586,-1.5813,-1
-1.6202,2.137,1
-3.2862,2.1062,1
-1.4087,2.3673,1
-0.49309,6.1709,1
-3.9543,-2.3492,-1
-2.3157,1.1845,1
1.8349,0.8659,-1
-0.98991,2.8161,1
-0.85603,-2.3664,-1
-1.5736,-2.1233,-1
-2.8723,1.6576,1
0.073337,-0.25996,-1
-0.37778,4.4577,1
2.3695,0.3676,-1
-2.5882,-2.2598,-1
-0.086619,4.6705,1
-4.7451,1.6128,1
0.1766,-0.85787,-1
0.16157,-2.0396,-1
0.37584,6.3825,1
-3.3788,1.6883,1
2.1732,0.70418,-1
-1.7336,6.2116,1
-3.0784,2.7249,1
0.64586,-1.6136,-1
1.0211,5.2468,1
-0.045432,5.6244,1
0.6691,-0.36945,-1
-3.4409,-1.6169,-1
-1.4902,3.4639,1
-1.6163,3.2434,1
0.84388,-0.33621,-1
-2.512,1.562,1
1.1412,-0.63949,-1
-1.2818,4.7368,1
0.21881,6.5529,1
-3.2065,-1.6315,-1
-3.0551,-1.4664,-1
-1.0593,3.5988,1
0.049894,-1.2797,-1
-0.48429,5.1356,1
-3.7811,1.3811,1
-3.9633,-0.85117,-1
-1.4416,1.5735,1
-1.5958,2.4679,1
-0.51101,5.1925,1
-1.4946,1.4516,1
0.34431,-0.42725,-1
0.054589,3.4483,1
0.31086,-1.5032,-1
-0.18652,5.0975,1
-0.10929,3.4614,1
-0.064618,4.5647,1
-2.4623,1.8595,1
-3.6656,2.354,1
0.69886,-1.6054,-1
-0.57703,6.3787,1
0.61193,-1.5125,-1
-2.3094,3.0073,1
-1.6513,6.4841,1
-0.41996,-0.859,-1
-2.1279,2.1419,1
-1.116,3.4058,1
-3.653,1.4619,1
-0.54749,-1.7754,-1
-2.5141,1.4471,1
-4.3053,1.7221,1
-0.46694,4.41,1
-1.1077,4.2729,1
-1.7285,1.9529,1
-0.94666,-1.4521,-1
1.4586,-0.17862,-1
-2.5057,-1.4324,-1
-4.2965,-1.7872,-1
-2.9895,2.204,1
-1.2353,-0.86364,-1
-1.8203,-1.4781,-1
-2.9027,2.8213,1
0.15605,-1.1429,-1
-1.6447,-2.6208,-1
0.15935,-2.0886,-1
0.94015,0.24634,-1
-0.21247,-1.6215,-1
-3.2524,1.6693,1
1.4454,-0.67167,-1
-3.2154,1.6515,1
-1.3576,-1.168,-1
-2.4876,2.2444,1
-0.29363,3.9566,1
-3.3357,-0.95271,-1
0.69711,6.7837,1
-1.0909,2.8821,1
1.7263,2.8079,-1
-1.7383,3.0187,1
-3.617,-2.0231,-1
1.2006,0.87034,-1
-2.0143,4.8758,1
-0.014214,5.3062,1
1.4119,1.4774,-1
-1.5538,2.7287,1
-0.9021,5.3714,1
-3.2481,2.1848,1
1.1063,0.42857,-1
0.41331,6.2651,1
-3.049,2.2237,1
-0.43643,-0.81717,-1
-1.2059,2.1311,1
-2.4897,1.195,1
0.35513,-1.3892,-1
-2.6646,1.7919,1
-0.11237,3.1219,1
-4.0396,-2.217,-1
-1.3679,5.2128,1
-3.2045,-2.0475,-1
-3.4671,1.9164,1
-2.5338,1.4463,1
-1.8134,2.2423,1
-1.1493,1.5583,1
-0.28381,3.3438,1
-0.82778,6.1784,1
-3.8862,-2.662,-1
-3.7832,-1.9137,-1
0.77044,-0.46057,-1
-0.47998,4.1783,1
-0.60492,-1.715,-1
0.67372,-0.28882,-1
1.3419,0.80388,-1
-0.0036013,4.4311,1
-1.9051,2.6151,1
0.43632,0.15198,-1
-2.0968,-1.9429,-1
-0.82831,3.0705,1
-0.027694,6.6901,1
-0.12765,-0.68901,-1
2.366,0.16182,-1
-0.2572,-1.9411,-1
-0.70092,-2.0192,-1
-2.5859,0.66433,1
-2.2541,-1.9156,-1
1.0536,0.12162,-1
-1.2192,-2.4033,-1
-0.44178,-2.1919,-1
0.086363,6.6841,1
-0.082887,5.2184,1
-2.1265,2.5183,1
1.8314,0.93033,-1
-1.1299,3.4393,1
-1.1914,3.2635,1
1.192,-1.5395,-1
-0.75285,3.2883,1
-0.8478,1.3994,1
-3.0389,-1.892,-1
-2.2651,2.1877,1
-3.4165,2.0609,1
-3.2379,-2.0254,-1
2.2285,1.4579,-1
-0.19229,-1.9825,-1
1.7318,-0.061063,-1
-2.1937,1.5245,1
-2.0106,-2.3813,-1
-2.8597,3.1953,1
1.4269,-0.026479,-1
0.35587,-1.1993,-1
-2.3648,2.7497,1
-0.075107,2.7306,1
2.435,3.4991,-1
-2.095,2.7251,1
1.6489,-0.58498,-1
-1.6911,-1.0086,-1
-4.435,1.0829,1
-2.226,-1.7075,-1
-1.4095,-1.5827,-1
-0.19216,5.8768,1
-1.4767,0.9899,1
-0.75686,6.5403,1
0.39727,-1.6646,-1
0.42735,-1.2383,-1
1.1855,1.0376,-1
-0.19697,2.6718,1
-2.8256,3.3262,1
-4.2663,-2.3258,-1
-0.14578,6.6708,1
-4.7046,2.5775,1
-0.73364,3.2737,1
-0.58325,4.4906,1
2.4779,1.4826,-1
0.32917,4.8324,1
0.58381,-0.082358,-1
-3.635,1.5842,1
-2.8368,2.3542,1
0.56841,-1.8316,-1
0.40898,4.0648,1
-3.7011,-1.7685,-1
-2.9492,1.2411,1
-0.27017,-1.6227,-1
-3.8452,0.99638,1
-1.8327,3.0049,1
0.58996,5.8563,1
-3.818,3.2893,1
1.0454,-0.49184,-1
0.70448,-1.4026,-1
-4.4217,-1.6663,-1
-0.39991,4.687,1
-1.5907,-2.2073,-1
-0.02215,2.5754,1
-2.4095,-1.9331,-1
2.1056,-0.47248,-1
1.5127,0.22782,-1
2.5261,-0.31897,-1
-3.415,1.7368,1
-2.9394,-2.0582,-1
-4.06,-2.4677,-1
-4.3783,-0.82036,-1
-2.1182,1.7812,1
-3.4348,2.4391,1
-0.63782,0.12824,-1
1.5749,-0.13305,-1
1.2337,-1.037,-1
-3.0866,-1.4134,-1
-4.0203,-1.6149,-1
-0.10372,3.6184,1
-2.4245,2.0931,1
-1.6116,2.4604,1
1.6201,-0.25203,-1
1.7551,0.86869,-1
2.1405,-1.2356,-1
0.10991,-0.62511,-1
-1.6501,2.3897,1
-0.62601,5.7039,1
1.9405,0.8433,-1
-2.5397,-1.8531,-1
-1.9326,3.3478,1
-0.64222,4.1688,1
-0.60928,-1.0134,-1
0.084966,-1.0231,-1
1.0114,-0.36328,-1
-2.3485,-2.3961,-1
-1.5149,-1.3032,-1
-3.6155,-2.6602,-1
-0.091442,5.3076,1
-3.6625,0.75308,1
-2.5115,2.1503,1
-0.75588,-0.07608,-1
-2.4239,-1.763,-1
-1.8277,-2.2867,-1
0.99166,-1.3762,-1
-1.3129,-1.7862,-1
-0.96369,5.8464,1
-1.0579,3.9237,1
-0.12941,4.1739,1
-0.025269,6.7171,1
2.33,1.2527,-1
2.1022,0.96389,-1
-0.66959,-1.4546,-1
-1.4025,3.0306,1
-0.33311,4.4487,1
0.98057,-0.44331,-1
-0.48816,6.0384,1
0.18611,-1.4321,-1
-0.9818,-2.4115,-1
1.515,-0.091175,-1
0.23151,6.1601,1
2.6035,1.0302,-1
-3.2065,2.1979,1
-0.10409,5.1368,1
1.7254,1.81,-1
-2.1766,2.3855,1
-0.46151,-1.5052,-1
1.6866,0.0034058,-1
-2.2995,1.928,1
-0.56581,3.7323,1
0.18914,-1.3518,-1
-1.3877,3.0999,1
-3.1138,1.268,1
-1.5289,2.4875,1
-0.92719,-0.93553,-1
1.5493,0.18978,-1
-2.6271,1.3471,1
-2.3546,2.6127,1
-0.66037,-1.3597,-1
-3.9982,2.3158,1
-3.7991,-2.5472,-1
2.5204,2.0448,-1
-0.79179,-2.621,-1
-0.1414,5.8625,1
-3.938,-1.1067,-1
-3.6542,-1.2871,-1
-1.3003,3.1389,1
-0.041637,4.4748,1
-0.5549,5.0907,1
-1.3436,2.9792,1
0.39445,5.2931,1
-3.1661,2.5979,1
-4.748,1.8742,1
-0.99296,-0.8085,-1
-0.71201,4.9523,1
-4.7739,2.5422,1
-2.1214,-1.077,-1
2.2794,2.1999,-1
-0.13,5.0669,1
0.63281,5.0221,1
-1.6662,2.955,1
-1.0752,-1.7955,-1
2.2,0.44054,-1
0.1352,4.6853,1
-0.21824,3.4266,1
-0.071452,3.1446,1
-2.8894,-1.749,-1
-2.871,-2.1238,-1
2.1168,3.5181,-1
1.1001,-2.1414,-1
-1.0635,-2.6536,-1
0.06254,3.2749,1
1.9851,0.02323,-1
-3.3745,2.4164,1
-3.6385,2.1328,1
-1.8896,1.6793,1
-2.3592,2.8975,1
-2.4973,-2.5253,-1
1.2118,-0.39993,-1
-0.17601,5.4887,1
-3.284,2.3311,1
-0.049174,5.1039,1
-2.6766,2.9763,1
1.8999,0.66049,-1
-0.95079,3.0307,1
-0.13451,3.8454,1
-0.2336,4.841,1
-2.9533,2.0306,1
-2.0068,3.7968,1
1.4413,0.75944,-1
0.070665,4.6235,1
-2.6428,2.904,1
-3.1671,2.8123,1
-0.8183,-1.7242,-1
-2.6046,2.5392,1
1.9381,0.73541,-1
-1.7604,1.9529,1
-2.4941,1.336,1
-0.47262,4.4962,1
1.986,-0.62352,-1
-2.7086,1.8614,1
-0.17928,5.8927,1
1.9074,-0.57087,-1
-0.5502,3.1162,1
-2.9862,-0.96119,-1
-1.699,-1.3379,-1
-1.7792,-1.6709,-1
-0.3329,4.6903,1
1.2567,-0.48843,-1
-1.6236,-1.089,-1
-1.7396,1.9166,1
-3.5179,1.6921,1
1.4575,-0.75859,-1
1.4136,-2.5527,-1
-1.3253,-1.7463,-1
1.3093,-0.69321,-1
-1.2711,0.89237,1
2.2237,-0.15933,-1
0.54063,4.2726,1
-1.6061,5.0374,1
-0.62097,5.5129,1
-0.98883,3.066,1
-4.4701,-1.6469,-1
-1.9305,2.1315,1
-1.1024,3.7678,1
-1.9444,1.3217,1
-4.5022,-1.4686,-1
-0.73475,-2.6914,-1
-0.82037,1.8143,1
-2.5821,2.7739,1
1.6879,-0.41192,-1
1.3327,2.7589,-1
-0.034003,-1.278,-1
0.54088,4.8193,1
-0.35886,4.411,1
0.89731,-1.4455,-1
0.54913,4.0464,1
1.5594,-0.59704,-1
-0.56102,4.2483,1
1.6225,1.9306,-1
0.61951,5.4838,1
1.1283,-0.42605,-1
-1.2165,3.7154,1
-2.6725,0.32079,1
-0.43133,-1.1932,-1
-3.6284,1.6602,1
-3.8241,2.5115,1
-1.0698,3.5485,1
-0.91129,-2.2253,-1
-4.622,1.578,1
-0.79659,2.6337,1
